#CODE;ENGLISH;FRENCH;GERMAN;;SPANISH;;;;;;;;;x
k_papal_state;Status Pontificius;Status Pontificius;Status Pontificius;;Status Pontificius;;;;;;;;;x,
k_papal_state_adj;Sanctimonialis;Sanctimonialis;Sanctimonialis;;Sanctimonialis;;;;;;;;;x,
d_degothers;De Gothers;De Gothers;De Gothers;;De Gothers;;;;;;;;;x
d_degothers_adj;De Gothers;De Gothers;De Gothers;;De Gothers;;;;;;;;;x
d_devenders;De Venders;De Venders;De Venders;;De Venders;;;;;;;;;x
d_devenders_adj;De Venders;De Venders;De Venders;;De Venders;;;;;;;;;x
k_austria;Österreich;Österreich;Österreich;;Österreich;;;;;;;;;x
k_austria_adj;Österreichische;Österreichische;Österreichische;;Österreichische;;;;;;;;;x
k_oldlivonia;Livonija;Livonija;Livonija;;Livonija;;;;;;;;;x
k_oldlivonia_adj;Livonijas;Livonijas;Livonijas;;Livonijas;;;;;;;;;x
k_gardariki;Garðaríki;Garðaríki;Garðaríki;;Garðaríki;;;;;;;;;x
k_gardariki_adj;Garðaríkr;Garðaríkr;Garðaríkr;;Garðaríkr;;;;;;;;;x
k_toulouse;Tolosa;Tolosa;Tolosa;;Tolosa;;;;;;;;;x
k_toulouse_adj;Tolosan;Tolosan;Tolosan;;Tolosan;;;;;;;;;x
k_flanders;Vlaanderen;Vlaanderen;Vlaanderen;;Vlaanderen;;;;;;;;;x
k_flanders_adj;Vlaamse;Vlaamse;Vlaamse;;Vlaamse;;;;;;;;;x
k_provence;Provença;Provença;Provença;;Provença;;;;;;;;;x
k_provence_adj;Provençal;Provençal;Provençal;;Provençal;;;;;;;;;x
k_york;Jórvik;Jórvik;Jórvik;;Jórvik;;;;;;;;;x
k_york_adj;Jórvikian;Jórvikian;Jórvikian;;Jórvikian;;;;;;;;;x
d_austrialombardic;Austria;Austria;Austria;;Austria;;;;;;;;;x
d_austrialombardic_adj;Austrian;Austrian;Austrian;;Austrian;;;;;;;;;x
d_neustria;Neustria;Neustria;Neustria;;Neustria;;;;;;;;;x
d_neustria_adj;Neustrian;Neustrian;Neustrian;;Neustrian;;;;;;;;;x
d_tuscia;Tuscia;Tuscia;Tuscia;;Tuscia;;;;;;;;;x
d_tuscia_adj;Tuscian;Tuscian;Tuscian;;Tuscian;;;;;;;;;x
d_amalfi;Amalfi;Amalfi;Amalfi;;Amalfi;;;;;;;;;x
d_amalfi_adj;Amalfitani;Amalfitani;Amalfitani;;Amalfitani;;;;;;;;;x
d_gaeta;Gaeta;Gaeta;Gaeta;;Gaeta;;;;;;;;;x
d_gaeta_adj;Gaetani;Gaetani;Gaetani;;Gaetani;;;;;;;;;x
d_lower_lorraine;Niederlothringen;Niederlothringen;Niederlothringen;;Niederlothringen;;;;;;;;;x
d_lower_lorraine_adj;Niederlothringische;Niederlothringische;Niederlothringische;;Niederlothringische;;;;;;;;;x
d_brabanttitular;Brabant;Brabant;Brabant;;Brabant;;;;;;;;;x
d_brabanttitular_adj;Brabantse;Brabantse;Brabantse;;Brabantse;;;;;;;;;x
k_valencia;Valencia;Valencia;Valencia;;Valencia;;;;;;;;;x
k_valencia_adj;Valenciana;Valenciana;Valenciana;;Valenciana;;;;;;;;;x
k_spanish_galicia;Galicia;Galicia;Galicia;;Galicia;;;;;;;;;x
k_spanish_galicia_adj;Gallega;Gallega;Gallega;;Gallega;;;;;;;;;x
k_granada;Granada;Granada;Granada;;Granada;;;;;;;;;x
k_granada_adj;Granadina;Granadina;Granadina;;Granadina;;;;;;;;;x
k_catalunya;Catalunya;Catalunya;Catalunya;;Catalunya;;;;;;;;;x
k_catalunya_adj;Catalana;Catalana;Catalana;;Catalana;;;;;;;;;x
d_alba_de_tormes;Alba de Tormes;Alba de Tormes;Alba de Tormes;;Alba de Tormes;;;;;;;;;x
d_alba_de_tormes_adj;de Alba de Tormes;de Alba de Tormes;de Alba de Tormes;;de Alba de Tormes;;;;;;;;;x
d_alburquerque;Alburquerque;Alburquerque;Alburquerque;;Alburquerque;;;;;;;;;x
d_alburquerque_adj;de Alburquerque;de Alburquerque;de Alburquerque;;de Alburquerque;;;;;;;;;x
d_cardona;Cardona;Cardona;Cardona;;Cardona;;;;;;;;;x
d_cardona_adj;de Cardona;de Cardona;de Cardona;;de Cardona;;;;;;;;;x
d_gandia;Gandia;Gandia;Gandia;;Gandia;;;;;;;;;x
d_gandia_adj;de Gandia;de Gandia;de Gandia;;de Gandia;;;;;;;;;x
d_infantado;Infantado;Infantado;Infantado;;Infantado;;;;;;;;;x
d_infantado_adj;de Infantado;de Infantado;de Infantado;;de Infantado;;;;;;;;;x
d_medina_sidonia;Medina Sidonia;Medina Sidonia;Medina Sidonia;;Medina Sidonia;;;;;;;;;x
d_medina_sidonia_adj;de Medina Sidonia;de Medina Sidonia;de Medina Sidonia;;de Medina Sidonia;;;;;;;;;x
d_medinaceli;Medinaceli;Medinaceli;Medinaceli;;Medinaceli;;;;;;;;;x
d_medinaceli_adj;de Medinaceli;de Medinaceli;de Medinaceli;;de Medinaceli;;;;;;;;;x
e_occitania;Occitània;Occitània;Occitània;;Occitània;;;;;;;;;x
e_occitania_adj;Occitan;Occitan;Occitan;;Occitan;;;;;;;;;x
d_sangermano;Terra Sancti Benedicti;Terra Sancti Benedicti;Terra Sancti Benedicti;;Terra Sancti Benedicti;;;;;;;;;x
d_sangermano_adj;Bendicitian;Bendicitian;Bendicitian;;Bendicitian;;;;;;;;;x
d_swabia;Schwaben;Schwaben;Schwaben;;Schwaben;;;;;;;;;x
d_swabia_adj;Schwäbische;Schwäbische;Schwäbische;;Schwäbische;;;;;;;;;x
d_carinthia;Kärnten;Kärnten;Kärnten;;Kärnten;;;;;;;;;x
d_carinthia_adj;Kärntnische;Kärntnische;Kärntnische;;Kärntnische;;;;;;;;;x
d_saxony;Sachsen;Sachsen;Sachsen;;Sachsen;;;;;;;;;x
d_saxony_adj;Sächsische;Sächsische;Sächsische;;Sächsische;;;;;;;;;x
d_bavaria;Baiern;Baiern;Baiern;;Baiern;;;;;;;;;x
d_bavaria_adj;Bairische;Bairische;Bairische;;Bairische;;;;;;;;;x
d_franconia;Franken;Franken;Franken;;Franken;;;;;;;;;x
d_franconia_adj;Fränkische;Fränkische;Fränkische;;Fränkische;;;;;;;;;x
d_lauenburg;Sachsen-Lauenburg;Sachsen-Lauenburg;Sachsen-Lauenburg;;Sachsen-Lauenburg;;;;;;;;;x
d_lauenburg_adj;Sächsische;Sächsische;Sächsische;;Sächsische;;;;;;;;;x
k_salerno;Principato di Salerno;Principato di Salerno;Principato di Salerno;;Principato di Salerno;;;;;;;;;x
k_salerno_adj;Salernian;Salernian;Salernian;;Salernian;;;;;;;;;x
d_yatviags;Jotvingiai;Jotvingiai;Jotvingiai;;Jotvingiai;;;;;;;;;x
d_yatviags_adj;Jotvingiu;Jotvingiu;Jotvingiu;;Jotvingiu;;;;;;;;;x
d_pruthenians;Prùsà;Prùsà;Prùsà;;Prùsà;;;;;;;;;x
d_pruthenians_adj;Prusu;Prusu;Prusu;;Prusu;;;;;;;;;x
d_curonian;Kurši;Kurši;Kurši;;Kurši;;;;;;;;;x
d_curonian_adj;Kuršiu;Kuršiu;Kuršiu;;Kuršiu;;;;;;;;;x
d_zemigalians;Zemgali;Zemgali;Zemgali;;Zemgali;;;;;;;;;x
d_zemigalians_adj;Zemgali;Zemgali;Zemgali;;Zemgali;;;;;;;;;x
d_lettigalians;Latgali;Latgali;Latgali;;Latgali;;;;;;;;;x
d_lettigalians_adj;Latgali;Latgali;Latgali;;Latgali;;;;;;;;;x
d_esthonia;Eesti;Eesti;Eesti;;Eesti;;;;;;;;;x
d_esthonia_adj;Eesti;Eesti;Eesti;;Eesti;;;;;;;;;x
d_narbonne;Narbona;Narbona;Narbona;;Narbona;;;;;;;;;x
d_narbonne_adj;Narbonnais;Narbonnais;Narbonnais;;Narbonnais;;;;;;;;;x
b_friis;Friis;Friis;Friis;;Friis;;;;;;;;;x
b_vadskaer;Vadskær;Vadskær;Vadskær;;Vadskær;;;;;;;;;x
b_ukena;Ukena;Ukena;Ukena;;Ukena;;;;;;;;;x
b_fan_knyphausen;fan Knyphausen;fan Knyphausen;fan Knyphausen;;fan Knyphausen;;;;;;;;;x
b_tjarksena;Tjarksena;Tjarksena;Tjarksena;;Tjarksena;;;;;;;;;x
d_nordfrisland;Utlande;Utlande;Utlande;;Utlande;;;;;;;;;x
d_nordfrisland_adj;Utlandr;Utlandr;Utlandr;;Utlandr;;;;;;;;;x
b_limbek;Limbekburgr;Limbekburgr;Limbekburgr;;Limbekburgr;;;;;;;;;x
b_wittenborg;Wittenborg;Wittenborg;Wittenborg;;Wittenborg;;;;;;;;;x
b_warendorp;Warendorp;Warendorp;Warendorp;;Warendorp;;;;;;;;;x
b_pat_luneburg;Lüneburg;Lüneburg;Lüneburg;;Lüneburg;;;;;;;;;x
b_vorrade;Vorrade;Vorrade;Vorrade;;Vorrade;;;;;;;;;x
b_bardewik;Bardewik;Bardewik;Bardewik;;Bardewik;;;;;;;;;x
d_ugandians;Ugandilased;Ugandilased;Ugandilased;;Ugandilased;;;;;;;;;x
d_ugandians_adj;Ugandian;Ugandian;Ugandian;;Ugandian;;;;;;;;;x
d_oseelians;Saarlased;Saarlased;Saarlased;;Saarlased;;;;;;;;;x
d_oeelians_adj;Saarlanian;Saarlanian;Saarlanian;;Saarlanian;;;;;;;;;x
d_vironians;Virulased;Virulased;Virulased;;Virulased;;;;;;;;;x
d_vironians_adj;Virulanian;Virulanian;Virulanian;;Virulanian;;;;;;;;;x
d_rotalians;Läänelased;Läänelased;Läänelased;;Läänelased;;;;;;;;;x
d_rotalians_adj;Läänemaaian;Läänemaaian;Läänemaaian;;Läänemaaian;;;;;;;;;x
d_estonia;Eestlased;Eestlased;Eestlased;;Eestlased;;;;;;;;;x
d_estonia_adj;Eestonian;Eestonian;Eestonian;;Eestonian;;;;;;;;;x
d_vanemas;Vanemi;Vanemi;Vanemi;;Vanemi;;;;;;;;;x
d_vanemas_adj;Vanemu;Vanemu;Vanemu;;Vanemu;;;;;;;;;x
d_sakalians;Sakali;Sakali;Sakali;;Sakali;;;;;;;;;x
d_sakalians_adj;Sakalu;Sakalu;Sakalu;;Sakalu;;;;;;;;;x
d_selonians;Seli;Seli;Seli;;Seli;;;;;;;;;x
d_selonians_adj;Selu;Selu;Selu;;Selu;;;;;;;;;x
d_talavians;Tãlavi;Tãlavi;Tãlavi;;Tãlavi;;;;;;;;;x
d_talavians_adj;Tãlavu;Tãlavu;Tãlavu;;Tãlavu;;;;;;;;;x
d_deltuvians;Deltuvai;Deltuvai;Deltuvai;;Deltuvai;;;;;;;;;x
d_deltuvians_adj;Deltuvos;Deltuvos;Deltuvos;;Deltuvos;;;;;;;;;x
d_veleti;Wilzi;Wilzi;Wilzi;;Wilzi;;;;;;;;;x
d_veleti_adj;Wilzi;Wilzi;Wilzi;;Wilzi;;;;;;;;;x
d_chutizi;Chutizi;Chutizi;Chutizi;;Chutizi;;;;;;;;;x
d_chutizi_adj;Chutizi;Chutizi;Chutizi;;Chutizi;;;;;;;;;x
d_wolinians;Velunzani;Velunzani;Velunzani;;Velunzani;;;;;;;;;x
d_wolinians_adj;Velunzani;Velunzani;Velunzani;;Velunzani;;;;;;;;;x
d_leubuzzi;Licicaviki;Licicaviki;Licicaviki;;Licicaviki;;;;;;;;;x
d_leubuzzi_adj;Licicaviki;Licicaviki;Licicaviki;;Licicaviki;;;;;;;;;x
d_drevlyans;Drevlyane;Drevlyane;Drevlyane;;Drevlyane;;;;;;;;;x
d_drevlyans_adj;Drevlyane;Drevlyane;Drevlyane;;Drevlyane;;;;;;;;;x
d_ulichs;Ulichane;Ulichane;Ulichane;;Ulichane;;;;;;;;;x
d_ulichs_adj;Ulichane;Ulichane;Ulichane;;Ulichane;;;;;;;;;x
d_east_polanes;Polyane;Polyane;Polyane;;Polyane;;;;;;;;;x
d_east_polanes_adj;Polyane;Polyane;Polyane;;Polyane;;;;;;;;;x
d_volhynians;Volyniane;Volyniane;Volyniane;;Volyniane;;;;;;;;;x
d_volhynians_adj;Volyniane;Volyniane;Volyniane;;Volyniane;;;;;;;;;x
d_buzhans;Buzhane;Buzhane;Buzhane;;Buzhane;;;;;;;;;x
d_buzhans_adj;Buzhane;Buzhane;Buzhane;;Buzhane;;;;;;;;;x
d_tivertsi;Tivertsi;Tivertsi;Tivertsi;;Tivertsi;;;;;;;;;x
d_tivertsi_adj;Tivertsi;Tivertsi;Tivertsi;;Tivertsi;;;;;;;;;x
d_lowerbrittany;Breizh Izel;Breizh Izel;Breizh Izel;;Breizh Izel;;;;;;;;;x
d_lowerbrittany_adj;Breizh Brezhoneg;Breizh Brezhoneg;Breizh Brezhoneg;;Breizh Brezhoneg;;;;;;;;;x
e_ulm;Ulm;Ulm;Ulm;;Ulm;;;;;;;;;x
e_ulm_adj;Ulmian;Ulmian;Ulmian;;Ulmian;;;;;;;;;x
d_erzosterreich;Österreich;Österreich;Österreich;;Österreich;;;;;;;;;x
d_erzosterreich_adj;Österreichische;Österreichische;Österreichische;;Österreichische;;;;;;;;;x
k_norman_england;England;England;England;;England;;;;;;;;;x
k_norman_england_adj;English;English;English;;English;;;;;;;;;x
d_kryvians;Krivichi;Krivichi;Krivichi;;Krivichi;;;;;;;;;x
d_kryvians_adj;Krivichi;Krivichi;Krivichi;;Krivichi;;;;;;;;;x
d_severians;Severiane;Severiane;Severiane;;Severiane;;;;;;;;;x
d_severians_adj;Severiane;Severiane;Severiane;;Severiane;;;;;;;;;x
d_lendians;Ledzianie;Ledzianie;Ledzianie;;Ledzianie;;;;;;;;;x
d_lendians_adj;Ledzianie;Ledzianie;Ledzianie;;Ledzianie;;;;;;;;;x
k_geats;Gautaríki;Gautaríki;Gautaríki;;Gautaríki;;;;;;;;;x
k_geats_adj;Gautr;Gautr;Gautr;;Gautr;;;;;;;;;x
e_kaleva;Kalevala;Kalevala;Kalevala;;Kalevala;;;;;;;;;x
e_kaleva_adj;Kalevalan;Kalevalan;Kalevalan;;Kalevalan;;;;;;;;;x
d_bohemians;Czechowé;Czechowé;Czechowé;;Czechowé;;;;;;;;;x
d_bohemians_adj;Czeský;Czeský;Czeský;;Czeský;;;;;;;;;x
d_massufa;Massúfa;Massúfa;Massúfa;;Massúfa;;;;;;;;;x
d_massufa_adj;Massúfí;Massúfí;Massúfí;;Massúfí;;;;;;;;;x
d_lamtuna;Lamtúna;Lamtúna;Lamtúna;;Lamtúna;;;;;;;;;x
d_lamtuna_adj;Lamtúní;Lamtúní;Lamtúní;;Lamtúní;;;;;;;;;x
d_lamta;Lamta;Lamta;Lamta;;Lamta;;;;;;;;;x
d_lamta_adj;Lamtí;Lamtí;Lamtí;;Lamtí;;;;;;;;;x
d_zaghawa;Zagháwa;Zagháwa;Zagháwa;;Zagháwa;;;;;;;;;x
d_zaghawa_adj;Zagháwí;Zagháwí;Zagháwí;;Zagháwí;;;;;;;;;x
d_guddala;Guddála;Guddála;Guddála;;Guddála;;;;;;;;;x
d_guddala_adj;Guddálí;Guddálí;Guddálí;;Guddálí;;;;;;;;;x
d_targa;Targa;Targa;Targa;;Targa;;;;;;;;;x
d_targa_adj;Targí;Targí;Targí;;Targí;;;;;;;;;x
d_lawata;Lawata;Lawata;Lawata;;Lawata;;;;;;;;;x
d_lawata_adj;Lawatí;Lawatí;Lawatí;;Lawatí;;;;;;;;;x
d_soninke;Soninke;Soninke;Soninke;;Soninke;;;;;;;;;x
d_soninke_adj;Soninke;Soninke;Soninke;;Soninke;;;;;;;;;x
d_duguwa;Duguwa;Duguwa;Duguwa;;Duguwa;;;;;;;;;x
d_duguwa_adj;Duguwí;Duguwí;Duguwí;;Duguwí;;;;;;;;;x
d_blemmyes;Béja;Béja;Béja;;Béja;;;;;;;;;x
d_blemmyes_adj;Béjí;Béjí;Béjí;;Béjí;;;;;;;;;x
k_makuria;Makuria;Makuria;Makuria;;Makuria;;;;;;;;;x
k_makuria_adj;Makurian;Makurian;Makurian;;Makurian;;;;;;;;;x
k_alodia;Alodia;Alodia;Alodia;;Alodia;;;;;;;;;x
k_alodia_adj;Alodian;Alodian;Alodian;;Alodian;;;;;;;;;x
k_moravia;Velká Morava;Velká Morava;Velká Morava;;Velká Morava;;;;;;;;;x
k_moravia_adj;Velkomoravský;Velkomoravský;Velkomoravský;;Velkomoravský;;;;;;;;;x
k_shiite;Shia;Shia;Shia;;Shia;;;;;;;;;x
k_shiite_adj;Shiite;Shiite;Shiite;;Shiite;;;;;;;;;x
k_sunni;Sunni;Sunni;Sunni;;Sunni;;;;;;;;;x
k_sunni_adj;Sunni;Sunni;Sunni;;Sunni;;;;;;;;;x
k_tiaret;Tiáret;Tiáret;Tiáret;;Tiáret;;;;;;;;;x
k_tiaret_adj;Tiáretí;Tiáretí;Tiáretí;;Tiáretí;;;;;;;;;x
d_musab;Mus'ab;Mus'ab;Mus'ab;;Mus'ab;;;;;;;;;x
d_musab_adj;Mus'abí;Mus'abí;Mus'abí;;Mus'abí;;;;;;;;;x
d_gazzula;Gazzúla;Gazzúla;Gazzúla;;Gazzúla;;;;;;;;;x
d_gazzula_adj;Gazzúlí;Gazzúlí;Gazzúlí;;Gazzúlí;;;;;;;;;x
WEST_FRANCIA;Francia Occidentalis;Francia Occidentalis;Francia Occidentalis;;Francia Occidentalis;;;;;;;;;x
WEST_FRANCIA_ADJ;Francia Occidentalis;Francia Occidentalis;Francia Occidentalis;;Francia Occidentalis;;;;;;;;;x
EAST_FRANCIA;Francia Orientalis;Francia Orientalis;Francia Orientalis;;Francia Orientalis;;;;;;;;;x
EAST_FRANCIA_ADJ;Francia Orientalis;Francia Orientalis;Francia Orientalis;;Francia Orientalis;;;;;;;;;x
d_azben;Azben;Azben;Azben;;Azben;;;;;;;;;x
d_azben_adj;Azben;Azben;Azben;;Azben;;;;;;;;;x
d_takarkart;Takarkart;Takarkart;Takarkart;;Takarkart;;;;;;;;;x
d_takarkart_adj;Takarkartí;Takarkartí;Takarkartí;;Takarkartí;;;;;;;;;x
d_azger;Azger;Azger;Azger;;Azger;;;;;;;;;x
d_azger_adj;Azgerí;Azgerí;Azgerí;;Azgerí;;;;;;;;;x
d_tanmak;Tanmak;Tanmak;Tanmak;;Tanmak;;;;;;;;;x
d_tanmak_adj;Tanmaki;Tanmaki;Tanmaki;;Tanmaki;;;;;;;;;x
d_mazata;Mazáta;Mazáta;Mazáta;;Mazáta;;;;;;;;;x
d_mazata_adj;Mazátí;Mazátí;Mazátí;;Mazátí;;;;;;;;;x
d_naqis;Naqís;Naqís;Naqís;;Naqís;;;;;;;;;x
d_naqis_adj;Naqísí;Naqísí;Naqísí;;Naqísí;;;;;;;;;x
d_baqlin;Baqlín;Baqlín;Baqlín;;Baqlín;;;;;;;;;x
d_baqlin_adj;Baqlíní;Baqlíní;Baqlíní;;Baqlíní;;;;;;;;;x
d_djarin;Djarín;Djarín;Djarín;;Djarín;;;;;;;;;x
d_djarin_adj;Djaríní;Djaríní;Djaríní;;Djaríní;;;;;;;;;x
d_qataa;Qata'a;Qata'a;Qata'a;;Qata'a;;;;;;;;;x
d_qataa_adj;Qata'í;Qata'í;Qata'í;;Qata'í;;;;;;;;;x
d_bazin;Bazín;Bazín;Bazín;;Bazín;;;;;;;;;x
d_bazin_adj;Bazíní;Bazíní;Bazíní;;Bazíní;;;;;;;;;x
d_danakil;Danakil;Danakil;Danakil;;Danakil;;;;;;;;;x
d_danakil_adj;Danakilí;Danakilí;Danakilí;;Danakilí;;;;;;;;;x
d_semien;Semien;Semien;Semien;;Semien;;;;;;;;;x
d_semien_adj;Semien;Semien;Semien;;Semien;;;;;;;;;x
k_ifat;Ifat;Ifat;Ifat;;Ifat;;;;;;;;;x
k_ifat_adj;Ifatí;Ifatí;Ifatí;;Ifatí;;;;;;;;;x
k_blemmyes;Béja;Béja;Béja;;Béja;;;;;;;;;x
k_blemmyes_adj;Béjí;Béjí;Béjí;;Béjí;;;;;;;;;x
#;;;;;;;;;;;;;;
d_dregovichi_adj;Dregovichi;Dregovichi;Dregovichi;;Dregovichi;;;;;;;;;x
d_radimichi_adj;Radimichi;Radimichi;Radimichi;;Radimichi;;;;;;;;;x
d_hilal;Banu Hilál;Banu Hilál;Banu Hilál;;Banu Hilál;;;;;;;;;x
d_hilal_adj;Hilálí;Hilálí;Hilálí;;Hilálí;;;;;;;;;x
k_aydin_adj;Aydini;Aydini;Aydini;;Aydini;;;;;;;;;x
k_eretnid_adj;Eretni;Eretni;Eretni;;Eretni;;;;;;;;;x
k_germyan_adj;Germiyani;Germiyani;Germiyani;;Germiyani;;;;;;;;;x
k_hammadid_adj;Hamdanid;Hamdanid;Hamdanid;;Hamdanid;;;;;;;;;x
k_kafsid_adj;Kafsid;Kafsid;Kafsid;;Kafsid;;;;;;;;;x
k_mentese_adj;Mentese;Mentese;Mentese;;Mentese;;;;;;;;;x
k_tekke_adj;Tekke;Tekke;Tekke;;Tekke;;;;;;;;;x
k_zirid_adj;Zirid;Zirid;Zirid;;Zirid;;;;;;;;;x
d_silesians;Slezanie;Slezanie;Slezanie;;Slezanie;;;;;;;;;x
d_silesians_adj;Silesian;Silesian;Silesian;;Silesian;;;;;;;;;x
d_polans;Polanie;Polanie;Polanie;;Polanie;;;;;;;;;x
d_polans_adj;Polan;Polan;Polan;;Polan;;;;;;;;;x
d_mazovians;Mazowszanie;Mazowszanie;Mazowszanie;;Mazowszanie;;;;;;;;;x
d_mazovians_adj;Mazovian;Mazovian;Mazovian;;Mazovian;;;;;;;;;x
d_vistulans;Wislanie;Wislanie;Wislanie;;Wislanie;;;;;;;;;x
d_vistulans_adj;Vistulan;Vistulan;Vistulan;;Vistulan;;;;;;;;;x
#;;;;;;;;;;;;;;
k_duklja;Duklja;Duklja;Duklja;;Duklja;;;;;;;;;x
k_duklja_adj;Dukljan;Dukljan;Dukljan;;Dukljan;;;;;;;;;x
k_armenia_minor;Mikrá Armenia;Mikrá Armenia;Mikrá Armenia;;Mikrá Armenia;;;;;;;;;x
k_armenia_minor_adj;Mikrá Armenian;Mikrá Armenian;Mikrá Armenian;;Mikrá Armenian;;;;;;;;;x
k_iberia;Kartli;Kartli;Kartli;;Kartli;;;;;;;;;x
k_iberia_adj;Kartlian;Kartlian;Kartlian;;Kartlian;;;;;;;;;x
k_rum;Rûm;Rûm;Rûm;;Rûm;;;;;;;;;x
k_rum_adj;Rûmian;Rûmian;Rûmian;;Rûmian;;;;;;;;;x
k_abkhazia_adj;Apkhazetian;Apkhazetian;Apkhazetian;;Apkhazetian;;;;;;;;;x
k_abkhazia;Apkhazeti;Apkhazeti;Apkhazeti;;Apkhazeti;;;;;;;;;x
d_paulicians;Paulikianoi;Paulikianoi;Paulikianoi;;Paulikianoi;;;;;;;;;x
d_paulicians_adj;Paulikianoi;Paulikianoi;Paulikianoi;;Paulikianoi;;;;;;;;;x
d_melitene;Malatya;Malatya;Malatya;;Malatya;;;;;;;;;x
d_melitene_adj;Malatyan;Malatyan;Malatyan;;Malatyan;;;;;;;;;x
d_lori;Tašir;Tašir;Tašir;;Tašir;;;;;;;;;x
d_lori_adj;Lorian;Lorian;Lorian;;Lorian;;;;;;;;;x
d_lori_adj_georgian;Lorean;Lorean;Lorean;;Lorean;;;;;;;;;x
d_pagania;Neretljani;Neretljani;Neretljani;;Neretljani;;;;;;;;;x
d_pagania_adj;Narentine;Narentine;Narentine;;Narentine;;;;;;;;;x
d_rhodos;Rhodos;Rhodos;Rhodos;;Rhodos;;;;;;;;;x
d_rhodos_adj;Rhodian;Rhodian;Rhodian;;Rhodian;;;;;;;;;x
k_bagratid_grand_principality;Hayk;Hayk;Hayk;;Hayk;;;;;;;;;x
k_bagratid_grand_principality_adj;Haykian;Haykian;Haykian;;Haykian;;;;;;;;;x
#Latin Empire;;;;;;;;;;;;;;
e_latin_empire;Imperium Romaniae;Imperium Romaniae;Imperium Romaniae;;Imperium Romaniae;;;;;;;;;x
#Indian ocean republics;;;;;;;;;;;;;;
d_dahlak;Dahlak;Dahlak;Dahlak;;Dahlak;;;;;;;;;x
d_dahlak_adj;Dahlakian;Dahlakian;Dahlakian;;Dahlakian;;;;;;;;;x
d_siraf;Siráf;Siráf;Siráf;;Siráf;;;;;;;;;x
d_siraf_adj;Siráfí;Siráfí;Siráfí;;Siráfí;;;;;;;;;x
#;;;;;;;;;;;;;;
d_livonian_brothers_of_the_sword;Schwertbrüderorden;Schwertbrüderorden;Schwertbrüderorden;;Schwertbrüderorden;;;;;;;;;x
d_livonian_brothers_of_the_sword_adj;Schwertbrüderische;Schwertbrüderische;Schwertbrüderische;;Schwertbrüderische;;;;;;;;;x
#;;;;;;;;;;;;;;
d_uighurs;Uighurs;Uighurs;Uighurs;;Uighurs;;;;;;;;;x
d_uighurs_adj;Uighur;Uighur;Uighur;;Uighur;;;;;;;;;x
d_oghuz;Oghuz;Oghuz;Oghuz;;Oghuz;;;;;;;;;x
d_oghuz_adj;Oghuz;Oghuz;Oghuz;;Oghuz;;;;;;;;;x
d_yaghma;Yaghma;Yaghma;Yaghma;;Yaghma;;;;;;;;;x
d_yaghma_adj;Yaghma;Yaghma;Yaghma;;Yaghma;;;;;;;;;x
d_chigil;Chigil;Chigil;Chigil;;Chigil;;;;;;;;;x
d_chigil_adj;Chigil;Chigil;Chigil;;Chigil;;;;;;;;;x
d_basmils;Bamils;Bamils;Bamils;;Bamils;;;;;;;;;x
d_basmils_adj;Basmil;Basmil;Basmil;;Basmil;;;;;;;;;x
k_kimek;Kimek;Kimek;Kimek;;Kimek;;;;;;;;;x
k_kimek_adj;Kimek;Kimek;Kimek;;Kimek;;;;;;;;;x
d_qipchaq;Qipchaq;Qipchaq;Qipchaq;;Qipchaq;;;;;;;;;x
d_qipchaq_adj;Qipchaq;Qipchaq;Qipchaq;;Qipchaq;;;;;;;;;x
d_qirghiz;Qirghiz;Qirghiz;Qirghiz;;Qirghiz;;;;;;;;;x
d_qirghiz_adj;Qirghiz;Qirghiz;Qirghiz;;Qirghiz;;;;;;;;;x
d_tukhsi;Tukhsi;Tukhsi;Tukhsi;;Tukhsi;;;;;;;;;x
d_tukhsi_adj;Tukhsi;Tukhsi;Tukhsi;;Tukhsi;;;;;;;;;x
d_zunbil;Zunbils;Zunbils;Zunbils;;Zunbils;;;;;;;;;x
d_zunbil_adj;Zunbil;Zunbil;Zunbil;;Zunbil;;;;;;;;;x
k_khwarezmia;Khwarezm;Khwarezm;Khwarezm;;Khwarezm;;;;;;;;;x
k_khwarezmia_adj;Khwarezmí;Khwarezmí;Khwarezmí;;Khwarezmí;;;;;;;;;x
d_qarluq;Qarluq;Qarluq;Qarluq;;Qarluq;;;;;;;;;x
d_qarluq_adj;Qarluq;Qarluq;Qarluq;;Qarluq;;;;;;;;;x
d_naimans;Naiman;Naiman;Naiman;;Naiman;;;;;;;;;x
d_naimans_adj;Nainam;Nainam;Nainam;;Nainam;;;;;;;;;x
e_khitan;Kara Khitai;Kara Khitai;Kara Khitai;;Kara Khitai;;;;;;;;;x
e_khitan_adj;Kara Khitan;Kara Khitan;Kara Khitan;;Kara Khitan;;;;;;;;;x
k_cuman;Kumanlar;Kumanlar;Kumanlar;;Kumanlar;;;;;;;;;x
k_cuman_adj;Kuman;Kuman;Kuman;;Kuman;;;;;;;;;x
k_qipchaq;Qipchaqlar;Qipchaqlar;Qipchaqlar;;Qipchaqlar;;;;;;;;;x
k_qipchaq_adj;Qipchaq;Qipchaq;Qipchaq;;Qipchaq;;;;;;;;;x
#Pecheneg;;;;;;;;;;;;;;
d_yawdi_ertim;Yawdi Ertim;Yawdi Ertim;Yawdi Ertim;;Yawdi Ertim;;;;;;;;;x
d_yawdi_ertim_adj;Yawdi Ertimian;Yawdi Ertimian;Yawdi Ertimian;;Yawdi Ertimian;;;;;;;;;x
d_kuerchi_chur;Küerchi Chür;Küerchi Chür;Küerchi Chür;;Küerchi Chür;;;;;;;;;x
d_kuerchi_chur_adj;Küerchi Chürian;Küerchi Chürian;Küerchi Chürian;;Küerchi Chürian;;;;;;;;;x
d_qabuqsin_yula;Qabuqsin Yula;Qabuqsin Yula;Qabuqsin Yula;;Qabuqsin Yula;;;;;;;;;x
d_qabuqsin_yula_adj;Qabuqsin Yulaian;Qabuqsin Yulaian;Qabuqsin Yulaian;;Qabuqsin Yulaian;;;;;;;;;x
d_suru_kulbej;Suru Külbej;Suru Külbej;Suru Külbej;;Suru Külbej;;;;;;;;;x
d_suru_kulbej_adj;Suru Külbejian;Suru Külbejian;Suru Külbejian;;Suru Külbejian;;;;;;;;;x
d_qara_bay;Qara Bay;Qara Bay;Qara Bay;;Qara Bay;;;;;;;;;x
d_qara_bay_adj;Qara Bayian;Qara Bayian;Qara Bayian;;Qara Bayian;;;;;;;;;x
d_boru_tolmach;Boru Tolmach;Boru Tolmach;Boru Tolmach;;Boru Tolmach;;;;;;;;;x
d_boru_tolmach_adj;Boru Tolmachian;Boru Tolmachian;Boru Tolmachian;;Boru Tolmachian;;;;;;;;;x
d_yazi_qapan;Yazi Qapan;Yazi Qapan;Yazi Qapan;;Yazi Qapan;;;;;;;;;x
d_yazi_qapan_adj;Yazi Qapanian;Yazi Qapanian;Yazi Qapanian;;Yazi Qapanian;;;;;;;;;x
d_bula_chopan;Bula Chopan;Bula Chopan;Bula Chopan;;Bula Chopan;;;;;;;;;x
d_bula_chopan_adj;Bula Chopanian;Bula Chopanian;Bula Chopanian;;Bula Chopanian;;;;;;;;;x
k_pechenegs;Beçeneklar;Beçeneklar;Beçeneklar;;Beçeneklar;;;;;;;;;x
k_pechenegs_adj;Beçenek;Beçenek;Beçenek;;Beçenek;;;;;;;;;x
k_qangar;Qangar;Qangar;Qangar;;Qangar;;;;;;;;;x
k_qangar_adj;Qangar;Qangar;Qangar;;Qangar;;;;;;;;;x
#;;;;;;;;;;;;;;
#Persia and Turkestan more;;;;;;;;;;;;;;
k_kerman;Kermán;Kermán;Kermán;;Kermán;;;;;;;;;x
k_kerman_adj;Kermání;Kermání;Kermání;;Kermání;;;;;;;;;x
d_shabankara;Shabankara;Shabankara;Shabankara;;Shabankara;;;;;;;;;x
d_shabankara_adj;Shabankaraí;Shabankaraí;Shabankaraí;;Shabankaraí;;;;;;;;;x
d_iraqiya_oghuz;Iraqíya;Iraqíya;Iraqíya;;Iraqíya;;;;;;;;;x
d_iraqiya_oghuz_adj;Iraqí'í;Iraqí'í;Iraqí'í;;Iraqí'í;;;;;;;;;x
#;;;;;;;;;;;;;;
k_uzes;Uzlar;Uzlar;Uzlar;;Uzlar;;;;;;;;;x
k_uzes_adj;Uzlar;Uzlar;Uzlar;;Uzlar;;;;;;;;;x
#;;;;;;;;;;;;;;
e_khazaria;Qasarstan;Qasarstan;Qasarstan;;Qasarstan;;;;;;;;;x
e_khazaria_adj;Qazar;Qazar;Qazar;;Qazar;;;;;;;;;x
e_khazaria_adj_kirghiz;Xäzär;Xäzär;Xäzär;;Xäzär;;;;;;;;;x
e_khazaria_adj_mongol;Xäzär;Xäzär;Xäzär;;Xäzär;;;;;;;;;x
e_khazaria_adj_oghuz;Hazar;Hazar;Hazar;;Hazar;;;;;;;;;x
e_khazaria_adj_turkmen;Hazar;Hazar;Hazar;;Hazar;;;;;;;;;x
e_khazaria_adj_turkish;Hazar;Hazar;Hazar;;Hazar;;;;;;;;;x
e_khazaria_adj_sicilian_greek;Chazaroi;Chazaroi;Chazaroi;;Chazaroi;;;;;;;;;x
e_khazaria_adj_arberian;Chazaroi;Chazaroi;Chazaroi;;Chazaroi;;;;;;;;;x
e_khazaria_adj_armenian;Chazaroi;Chazaroi;Chazaroi;;Chazaroi;;;;;;;;;x
e_khazaria_adj_georgian;Chazaroi;Chazaroi;Chazaroi;;Chazaroi;;;;;;;;;x
e_khazaria_adj_greek;Chazaroi;Chazaroi;Chazaroi;;Chazaroi;;;;;;;;;x
e_khazaria_adj_east_gothic;Chazaroi;Chazaroi;Chazaroi;;Chazaroi;;;;;;;;;x
e_khazaria_adj_pahlavi;Xazarí;Xazarí;Xazarí;;Xazarí;;;;;;;;;x
e_khazaria_adj_persian;Xazarí;Xazarí;Xazarí;;Xazarí;;;;;;;;;x
e_khazaria_adj_tajik;Xazarí;Xazarí;Xazarí;;Xazarí;;;;;;;;;x
e_khazaria_adj_daylamite;Xazarí;Xazarí;Xazarí;;Xazarí;;;;;;;;;x
e_khazaria_adj_sogdian;Xazarí;Xazarí;Xazarí;;Xazarí;;;;;;;;;x
e_khazaria_adj_khwarezmi;Xazarí;Xazarí;Xazarí;;Xazarí;;;;;;;;;x
e_khazaria_adj_kurdish;Xazarí;Xazarí;Xazarí;;Xazarí;;;;;;;;;x
e_khazaria_adj_khalaj;Xazarí;Xazarí;Xazarí;;Xazarí;;;;;;;;;x
e_khazaria_adj_afghan;Xazarí;Xazarí;Xazarí;;Xazarí;;;;;;;;;x
e_khazaria_adj_qufs;Xazarí;Xazarí;Xazarí;;Xazarí;;;;;;;;;x
e_khazaria_adj_baloch;Xazarí;Xazarí;Xazarí;;Xazarí;;;;;;;;;x
e_khazaria_adj_polish;Kozaran;Kozaran;Kozaran;;Kozaran;;;;;;;;;x
e_khazaria_adj_pommeranian;Kozaran;Kozaran;Kozaran;;Kozaran;;;;;;;;;x
e_khazaria_adj_bohemian;Kozaran;Kozaran;Kozaran;;Kozaran;;;;;;;;;x
e_khazaria_adj_moravian;Kozaran;Kozaran;Kozaran;;Kozaran;;;;;;;;;x
e_khazaria_adj_russian;Kozaran;Kozaran;Kozaran;;Kozaran;;;;;;;;;x
e_khazaria_adj_serbian;Kozaran;Kozaran;Kozaran;;Kozaran;;;;;;;;;x
e_khazaria_adj_croatian;Kozaran;Kozaran;Kozaran;;Kozaran;;;;;;;;;x
e_khazaria_adj_bulgarian;Kozaran;Kozaran;Kozaran;;Kozaran;;;;;;;;;x
e_khazaria_adj_karantanci;Kozaran;Kozaran;Kozaran;;Kozaran;;;;;;;;;x
e_khazaria_adj_bosnian;Kozaran;Kozaran;Kozaran;;Kozaran;;;;;;;;;x
e_khazaria_adj_dalmatian;Cassaro;Cassaro;Cassaro;;Cassaro;;;;;;;;;x
e_khazaria_adj_italian;Cassaro;Cassaro;Cassaro;;Cassaro;;;;;;;;;x
e_khazaria_adj_venetian;Cassaro;Cassaro;Cassaro;;Cassaro;;;;;;;;;x
e_khazaria_adj_ligurian;Cassaro;Cassaro;Cassaro;;Cassaro;;;;;;;;;x
e_khazaria_adj_central_italian;Cassaro;Cassaro;Cassaro;;Cassaro;;;;;;;;;x
e_khazaria_adj_southern_italian;Cassaro;Cassaro;Cassaro;;Cassaro;;;;;;;;;x
e_khazaria_adj_tuscan;Cassaro;Cassaro;Cassaro;;Cassaro;;;;;;;;;x
e_khazaria_adj_neapolitan;Cassaro;Cassaro;Cassaro;;Cassaro;;;;;;;;;x
e_khazaria_adj_corsican;Cassaro;Cassaro;Cassaro;;Cassaro;;;;;;;;;x
e_khazaria_adj_sardinian;Cassaro;Cassaro;Cassaro;;Cassaro;;;;;;;;;x
e_khazaria_adj_sicilian;Cassaro;Cassaro;Cassaro;;Cassaro;;;;;;;;;x
#;;;;;;;;;;;;;;
d_black_caps;Karakalpaklar;Karakalpaklar;Karakalpaklar;;Karakalpaklar;;;;;;;;;x
d_black_caps_adj;Karakalpaklan;Karakalpaklan;Karakalpaklan;;Karakalpaklan;;;;;;;;;x
d_black_caps_adj_russian;Chyornye Klobuki;Chyornye Klobuki;Chyornye Klobuki;;Chyornye Klobuki;;;;;;;;;x
#;;;;;;;;;;;;;;
k_magyar;Hét Magyar;Hét Magyar;Hét Magyar;;Hét Magyar;;;;;;;;;x
#;;;;;;;;;;;;;;
#;;;;;;;;;;;;;;
d_mordvins;Mokshet;Mokshet;Mokshet;;Mokshet;;;;;;;;;x
d_mordvins_adj;Mokshetian;Mokshet;Mokshet;;Mokshet;;;;;;;;;x
d_mordvins_adj_levantine_arabic;Tuqshi;Tuqshi;Tuqshi;;Tuqshi;;;;;;;;;x
d_mordvins_adj_maghreb_arabic;Tuqshi;Tuqshi;Tuqshi;;Tuqshi;;;;;;;;;x
d_mordvins_adj_bedouin_arabic;Tuqshi;Tuqshi;Tuqshi;;Tuqshi;;;;;;;;;x
d_mordvins_adj_egyptian_arabic;Tuqshi;Tuqshi;Tuqshi;;Tuqshi;;;;;;;;;x
d_mordvins_adj_andalusian_arabic;Tuqshi;Tuqshi;Tuqshi;;Tuqshi;;;;;;;;;x
d_mordvins_adj_sicilian_arabic;Tuqshi;Tuqshi;Tuqshi;;Tuqshi;;;;;;;;;x
d_mordvins_adj_sanhaja;Tuqshi;Tuqshi;Tuqshi;;Tuqshi;;;;;;;;;x
d_mordvins_adj_tagelmust;Tuqshi;Tuqshi;Tuqshi;;Tuqshi;;;;;;;;;x
d_mordvins_adj_tuareg;Tuqshi;Tuqshi;Tuqshi;;Tuqshi;;;;;;;;;x
d_mordvins_adj_masmuda;Tuqshi;Tuqshi;Tuqshi;;Tuqshi;;;;;;;;;x
d_mordvins_adj_zanata;Tuqshi;Tuqshi;Tuqshi;;Tuqshi;;;;;;;;;x
d_mordvins_adj_pahlavi;Tuqshi;Tuqshi;Tuqshi;;Tuqshi;;;;;;;;;x
d_mordvins_adj_persian;Tuqshi;Tuqshi;Tuqshi;;Tuqshi;;;;;;;;;x
d_mordvins_adj_tajik;Tuqshi;Tuqshi;Tuqshi;;Tuqshi;;;;;;;;;x
d_mordvins_adj_daylamite;Tuqshi;Tuqshi;Tuqshi;;Tuqshi;;;;;;;;;x
d_mordvins_adj_sogdian;Tuqshi;Tuqshi;Tuqshi;;Tuqshi;;;;;;;;;x
d_mordvins_adj_khwarezmi;Tuqshi;Tuqshi;Tuqshi;;Tuqshi;;;;;;;;;x
d_mordvins_adj_kurdish;Tuqshi;Tuqshi;Tuqshi;;Tuqshi;;;;;;;;;x
d_mordvins_adj_khalaj;Tuqshi;Tuqshi;Tuqshi;;Tuqshi;;;;;;;;;x
d_mordvins_adj_afghan;Tuqshi;Tuqshi;Tuqshi;;Tuqshi;;;;;;;;;x
d_mordvins_adj_qufs;Tuqshi;Tuqshi;Tuqshi;;Tuqshi;;;;;;;;;x
d_mordvins_adj_baloch;Tuqshi;Tuqshi;Tuqshi;;Tuqshi;;;;;;;;;x
d_mordvins_adj_bashkir;Tuqshi;Tuqshi;Tuqshi;;Tuqshi;;;;;;;;;x
d_mordvins_adj_bolghar;Tuqshi;Tuqshi;Tuqshi;;Tuqshi;;;;;;;;;x
d_mordvins_adj_turkish;Tuqshi;Tuqshi;Tuqshi;;Tuqshi;;;;;;;;;x
d_mordvins_adj_turkmen;Tuqshi;Tuqshi;Tuqshi;;Tuqshi;;;;;;;;;x
d_mordvins_adj_oghuz;Tuqshi;Tuqshi;Tuqshi;;Tuqshi;;;;;;;;;x
d_mordvins_adj_mongol;Tuqshi;Tuqshi;Tuqshi;;Tuqshi;;;;;;;;;x
d_mordvins_adj_kirghiz;Tuqshi;Tuqshi;Tuqshi;;Tuqshi;;;;;;;;;x
d_mordvins_adj_uyghur;Tuqshi;Tuqshi;Tuqshi;;Tuqshi;;;;;;;;;x
d_mordvins_adj_cuman;Tuqshi;Tuqshi;Tuqshi;;Tuqshi;;;;;;;;;x
d_mordvins_adj_khazar;Tuqshi;Tuqshi;Tuqshi;;Tuqshi;;;;;;;;;x
d_mordvins_adj_pecheneg;Tuqshi;Tuqshi;Tuqshi;;Tuqshi;;;;;;;;;x
d_mordvins_adj_karluk;Tuqshi;Tuqshi;Tuqshi;;Tuqshi;;;;;;;;;x
d_mordvins_adj_avar;Tuqshi;Tuqshi;Tuqshi;;Tuqshi;;;;;;;;;x
d_mordvins_adj_khitan;Tuqshi;Tuqshi;Tuqshi;;Tuqshi;;;;;;;;;x
d_mordvins_adj_alan;Mordian;Mordia;Mordia;;Mordia;;;;;;;;;x
d_mordvins_adj_arberian;Mordian;Mordia;Mordia;;Mordia;;;;;;;;;x
d_mordvins_adj_armenian;Mordian;Mordia;Mordia;;Mordia;;;;;;;;;x
d_mordvins_adj_georgian;Mordian;Mordia;Mordia;;Mordia;;;;;;;;;x
d_mordvins_adj_greek;Mordian;Mordia;Mordia;;Mordia;;;;;;;;;x
d_mordvins_adj_east_gothic;Mordensian;Mordens;Mordens;;Mordens;;;;;;;;;x
d_mordvins_adj_dalmatian;Mersdasian;Merdas;Merdas;;Merdas;;;;;;;;;x
d_mordvins_adj_italian;Mersdasian;Merdas;Merdas;;Merdas;;;;;;;;;x
d_mordvins_adj_venetian;Mersdasian;Merdas;Merdas;;Merdas;;;;;;;;;x
d_mordvins_adj_ligurian;Mersdasian;Merdas;Merdas;;Merdas;;;;;;;;;x
d_mordvins_adj_central_italian;Mersdasian;Merdas;Merdas;;Merdas;;;;;;;;;x
d_mordvins_adj_southern_italian;Mersdasian;Merdas;Merdas;;Merdas;;;;;;;;;x
d_mordvins_adj_tuscan;Mersdasian;Merdas;Merdas;;Merdas;;;;;;;;;x
d_mordvins_adj_neapolitan;Mersdasian;Merdas;Merdas;;Merdas;;;;;;;;;x
d_mordvins_adj_corsican;Mersdasian;Merdas;Merdas;;Merdas;;;;;;;;;x
d_mordvins_adj_sardinian;Mersdasian;Merdas;Merdas;;Merdas;;;;;;;;;x
d_mordvins_adj_sicilian;Mersdasian;Merdas;Merdas;;Merdas;;;;;;;;;x
d_mordvins_adj_english;Mersdasian;Merdas;Merdas;;Merdas;;;;;;;;;x
d_mordvins_adj_frankish;Mersdasian;Merdas;Merdas;;Merdas;;;;;;;;;x
d_mordvins_adj_occitan;Mersdasian;Merdas;Merdas;;Merdas;;;;;;;;;x
d_mordvins_adj_arpitan;Mersdasian;Merdas;Merdas;;Merdas;;;;;;;;;x
d_mordvins_adj_norman;Mersdasian;Merdas;Merdas;;Merdas;;;;;;;;;x
d_mordvins_adj_thuringian;Mersdasian;Merdas;Merdas;;Merdas;;;;;;;;;x
d_mordvins_adj_swabian;Mersdasian;Merdas;Merdas;;Merdas;;;;;;;;;x
d_mordvins_adj_bavarian;Mersdasian;Merdas;Merdas;;Merdas;;;;;;;;;x
d_mordvins_adj_low_saxon;Mersdasian;Merdas;Merdas;;Merdas;;;;;;;;;x
d_mordvins_adj_franconian;Mersdasian;Merdas;Merdas;;Merdas;;;;;;;;;x
d_mordvins_adj_low_german;Mersdasian;Merdas;Merdas;;Merdas;;;;;;;;;x
d_mordvins_adj_low_frankish;Mersdasian;Merdas;Merdas;;Merdas;;;;;;;;;x
d_mordvins_adj_dutch;Mersdasian;Merdas;Merdas;;Merdas;;;;;;;;;x
d_mordvins_adj_german;Mersdasian;Merdas;Merdas;;Merdas;;;;;;;;;x
d_mordvins_adj_danish;Mersdasian;Merdas;Merdas;;Merdas;;;;;;;;;x
d_mordvins_adj_swedish;Mersdasian;Merdas;Merdas;;Merdas;;;;;;;;;x
d_mordvins_adj_norwegian;Mersdasian;Merdas;Merdas;;Merdas;;;;;;;;;x
d_mordvins_adj_gothic;Mersdasian;Merdas;Merdas;;Merdas;;;;;;;;;x
d_mordvins_adj_hungarian;Mersdasian;Merdas;Merdas;;Merdas;;;;;;;;;x
d_mordvins_adj_leonese;Mersdasian;Merdas;Merdas;;Merdas;;;;;;;;;x
d_mordvins_adj_castillan;Mersdasian;Merdas;Merdas;;Merdas;;;;;;;;;x
d_mordvins_adj_aragonese;Mersdasian;Merdas;Merdas;;Merdas;;;;;;;;;x
d_mordvins_adj_basque;Mersdasian;Merdas;Merdas;;Merdas;;;;;;;;;x
d_mordvins_adj_romanian;Mersdasian;Merdas;Merdas;;Merdas;;;;;;;;;x
d_mordvins_adj_polish;Mordvan;Mordva;Mordva;;Mordva;;;;;;;;;x
d_mordvins_adj_pommeranian;Mordvan;Mordva;Mordva;;Mordva;;;;;;;;;x
d_mordvins_adj_bohemian;Mordvan;Mordva;Mordva;;Mordva;;;;;;;;;x
d_mordvins_adj_moravian;Mordvan;Mordva;Mordva;;Mordva;;;;;;;;;x
d_mordvins_adj_russian;Mordvan;Mordva;Mordva;;Mordva;;;;;;;;;x
d_mordvins_adj_serbian;Mordvan;Mordva;Mordva;;Mordva;;;;;;;;;x
d_mordvins_adj_croatian;Mordvan;Mordva;Mordva;;Mordva;;;;;;;;;x
d_mordvins_adj_bulgarian;Mordvan;Mordva;Mordva;;Mordva;;;;;;;;;x
d_mordvins_adj_karantanci;Mordvan;Mordva;Mordva;;Mordva;;;;;;;;;x
d_mordvins_adj_bosnian;Mordvan;Mordva;Mordva;;Mordva;;;;;;;;;x
#;;;;;;;;;;;;;;
d_burtas;Burtas;Burtas;Burtas;;Burtas;;;;;;;;;x
d_burtas_adj;Burtas;Burtas;Burtas;;Burtas;;;;;;;;;x
d_burtas_adj_levantine_arabic;Burdas;Burdas;Burdas;;Burdas;;;;;;;;;x
d_burtas_adj_maghreb_arabic;Burdas;Burdas;Burdas;;Burdas;;;;;;;;;x
d_burtas_adj_bedouin_arabic;Burdas;Burdas;Burdas;;Burdas;;;;;;;;;x
d_burtas_adj_egyptian_arabic;Burdas;Burdas;Burdas;;Burdas;;;;;;;;;x
d_burtas_adj_andalusian_arabic;Burdas;Burdas;Burdas;;Burdas;;;;;;;;;x
d_burtas_adj_sicilian_arabic;Burdas;Burdas;Burdas;;Burdas;;;;;;;;;x
d_burtas_adj_sanhaja;Burdas;Burdas;Burdas;;Burdas;;;;;;;;;x
d_burtas_adj_tagelmust;Burdas;Burdas;Burdas;;Burdas;;;;;;;;;x
d_burtas_adj_tuareg;Burdas;Burdas;Burdas;;Burdas;;;;;;;;;x
d_burtas_adj_masmuda;Burdas;Burdas;Burdas;;Burdas;;;;;;;;;x
d_burtas_adj_zanata;Burdas;Burdas;Burdas;;Burdas;;;;;;;;;x
d_burtas_adj_pahlavi;Burdas;Burdas;Burdas;;Burdas;;;;;;;;;x
d_burtas_adj_persian;Burdas;Burdas;Burdas;;Burdas;;;;;;;;;x
d_burtas_adj_tajik;Burdas;Burdas;Burdas;;Burdas;;;;;;;;;x
d_burtas_adj_daylamite;Burdas;Burdas;Burdas;;Burdas;;;;;;;;;x
d_burtas_adj_sogdian;Burdas;Burdas;Burdas;;Burdas;;;;;;;;;x
d_burtas_adj_khwarezmi;Burdas;Burdas;Burdas;;Burdas;;;;;;;;;x
d_burtas_adj_kurdish;Burdas;Burdas;Burdas;;Burdas;;;;;;;;;x
d_burtas_adj_khalaj;Burdas;Burdas;Burdas;;Burdas;;;;;;;;;x
d_burtas_adj_afghan;Burdas;Burdas;Burdas;;Burdas;;;;;;;;;x
d_burtas_adj_qufs;Burdas;Burdas;Burdas;;Burdas;;;;;;;;;x
d_burtas_adj_baloch;Burdas;Burdas;Burdas;;Burdas;;;;;;;;;x
d_burtas_adj_bashkir;Bortas;Bortas;Bortas;;Bortas;;;;;;;;;x
d_burtas_adj_kasogi;Bortas;Bortas;Bortas;;Bortas;;;;;;;;;x
d_burtas_adj_bolghar;Bortas;Bortas;Bortas;;Bortas;;;;;;;;;x
d_burtas_adj_turkish;Bortas;Bortas;Bortas;;Bortas;;;;;;;;;x
d_burtas_adj_turkmen;Bortas;Bortas;Bortas;;Bortas;;;;;;;;;x
d_burtas_adj_oghuz;Bortas;Bortas;Bortas;;Bortas;;;;;;;;;x
d_burtas_adj_mongol;Bortas;Bortas;Bortas;;Bortas;;;;;;;;;x
d_burtas_adj_kirghiz;Bortas;Bortas;Bortas;;Bortas;;;;;;;;;x
d_burtas_adj_uyghur;Bortas;Bortas;Bortas;;Bortas;;;;;;;;;x
d_burtas_adj_cuman;Bortas;Bortas;Bortas;;Bortas;;;;;;;;;x
d_burtas_adj_khazar;Bortas;Bortas;Bortas;;Bortas;;;;;;;;;x
d_burtas_adj_pecheneg;Bortas;Bortas;Bortas;;Bortas;;;;;;;;;x
d_burtas_adj_karluk;Bortas;Bortas;Bortas;;Bortas;;;;;;;;;x
d_burtas_adj_avar;Bortas;Bortas;Bortas;;Bortas;;;;;;;;;x
d_burtas_adj_khitan;Bortas;Bortas;Bortas;;Bortas;;;;;;;;;x
d_burtas_adj_polish;Burtasy;Burtasy;Burtasy;;Burtasy;;;;;;;;;x
d_burtas_adj_pommeranian;Burtasy;Burtasy;Burtasy;;Burtasy;;;;;;;;;x
d_burtas_adj_bohemian;Burtasy;Burtasy;Burtasy;;Burtasy;;;;;;;;;x
d_burtas_adj_moravian;Burtasy;Burtasy;Burtasy;;Burtasy;;;;;;;;;x
d_burtas_adj_russian;Burtasy;Burtasy;Burtasy;;Burtasy;;;;;;;;;x
d_burtas_adj_serbian;Burtasy;Burtasy;Burtasy;;Burtasy;;;;;;;;;x
d_burtas_adj_croatian;Burtasy;Burtasy;Burtasy;;Burtasy;;;;;;;;;x
d_burtas_adj_bulgarian;Burtasy;Burtasy;Burtasy;;Burtasy;;;;;;;;;x
d_burtas_adj_karantanci;Burtasy;Burtasy;Burtasy;;Burtasy;;;;;;;;;x
d_burtas_adj_bosnian;Burtasy;Burtasy;Burtasy;;Burtasy;;;;;;;;;x
#;;;;;;;;;;;;;;
d_mordvins_erza;Erzyät;Erzyät;Erzyät;;Erzyät;;;;;;;;;x
d_mordvins_erza_adj;Erzyätan;Erzyät;Erzyät;;Erzyät;;;;;;;;;x
d_mordvins_erza_adj_bolghar;Irçëian;Irçë;Irçë;;Irçë;;;;;;;;;x
d_mordvins_erza_adj_khazar;Irçëian;Irçë;Irçë;;Irçë;;;;;;;;;x
d_mordvins_erza_adj_avar;Irçëian;Irçë;Irçë;;Irçë;;;;;;;;;x
d_mordvins_erza_adj_bashkir;Ïrzäian;Ïrzä;Ïrzä;;Ïrzä;;;;;;;;;x
d_mordvins_erza_adj_turkish;Irçian;Irçi;Irçi;;Irçi;;;;;;;;;x
d_mordvins_erza_adj_turkmen;Irçian;Irçi;Irçi;;Irçi;;;;;;;;;x
d_mordvins_erza_adj_kasogi;Irçian;Irçi;Irçi;;Irçi;;;;;;;;;x
d_mordvins_erza_adj_oghuz;Irçian;Irçi;Irçi;;Irçi;;;;;;;;;x
d_mordvins_erza_adj_mongol;Ïrzäian;Ïrzä;Ïrzä;;Ïrzä;;;;;;;;;x
d_mordvins_erza_adj_kirghiz;Ïrzäian;Ïrzä;Ïrzä;;Ïrzä;;;;;;;;;x
d_mordvins_erza_adj_uyghur;Ïrzäian;Ïrzä;Ïrzä;;Ïrzä;;;;;;;;;x
d_mordvins_erza_adj_cuman;Ïrzäian;Ïrzä;Ïrzä;;Ïrzä;;;;;;;;;x
d_mordvins_erza_adj_pecheneg;Irçian;Irçi;Irçi;;Irçi;;;;;;;;;x
d_mordvins_erza_adj_karluk;Ïrzäian;Ïrzä;Ïrzä;;Ïrzä;;;;;;;;;x
d_mordvins_erza_adj_khitan;Ïrzäian;Ïrzä;Ïrzä;;Ïrzä;;;;;;;;;x
#;;;;;;;;;;;;;;
d_zyriane;Zyriana;Zyriana;Zyriana;;Zyriana;;;;;;;;;x
d_zyriane_adj;Zyrianan;Zyriana;Zyriana;;Zyriana;;;;;;;;;x
d_zyriane_adj_danish;Syrjænger;Syrjænger;Syrjænger;;Syrjænger;;;;;;;;;x
d_zyriane_adj_polish;Zyrianian;Zyriane;Zyriane;;Zyriane;;;;;;;;;x
d_zyriane_adj_pommeranian;Zyrianian;Zyriane;Zyriane;;Zyriane;;;;;;;;;x
d_zyriane_adj_bohemian;Zyrianian;Zyriane;Zyriane;;Zyriane;;;;;;;;;x
d_zyriane_adj_moravian;Zyrianian;Zyriane;Zyriane;;Zyriane;;;;;;;;;x
d_zyriane_adj_russian;Zyrianian;Zyriane;Zyriane;;Zyriane;;;;;;;;;x
d_zyriane_adj_serbian;Zyrianian;Zyriane;Zyriane;;Zyriane;;;;;;;;;x
d_zyriane_adj_croatian;Zyrianian;Zyriane;Zyriane;;Zyriane;;;;;;;;;x
d_zyriane_adj_bulgarian;Zyrianian;Zyriane;Zyriane;;Zyriane;;;;;;;;;x
d_zyriane_adj_karantanci;Zyrianian;Zyriane;Zyriane;;Zyriane;;;;;;;;;x
d_zyriane_adj_bosnian;Zyrianian;Zyriane;Zyriane;;Zyriane;;;;;;;;;x
#;;;;;;;;;;;;;;
d_maris_vetluga;Vütla Mari;Vütla Mari;Vütla Mari;;Vütla Mari;;;;;;;;;x
d_maris_vetluga_adj;Vütla Marian;Vütla Mari;Vütla Mari;;Vütla Mari;;;;;;;;;x
d_maris_vetluga_adj_bashkir;Tepe Çirmeslarian;Tepe Çirmeslar;Tepe Çirmeslar;;Tepe Çirmeslar;;;;;;;;;x
d_maris_vetluga_adj_bolghar;Tuçi Sarmäslärian;Tuçi Sarmäslar;Tuçi Sarmäslar;;Tuçi Sarmäslar;;;;;;;;;x
d_maris_vetluga_adj_turkish;Tepe Çirmeslarian;Tepe Çirmeslar;Tepe Çirmeslar;;Tepe Çirmeslar;;;;;;;;;x
d_maris_vetluga_adj_turkmen;Tepe Çirmeslarian;Tepe Çirmeslar;Tepe Çirmeslar;;Tepe Çirmeslar;;;;;;;;;x
d_maris_vetluga_adj_oghuz;Tepe Çirmeslarian;Tepe Çirmeslar;Tepe Çirmeslar;;Tepe Çirmeslar;;;;;;;;;x
d_maris_vetluga_adj_mongol;Tepe Çirmeslärian;Tepe Çirmeslär;Tepe Çirmeslär;;Tepe Çirmeslär;;;;;;;;;x
d_maris_vetluga_adj_kirghiz;Tepe Çirmeslärian;Tepe Çirmeslär;Tepe Çirmeslär;;Tepe Çirmeslär;;;;;;;;;x
d_maris_vetluga_adj_uyghur;Tepe Çirmeslärian;Tepe Çirmeslär;Tepe Çirmeslär;;Tepe Çirmeslär;;;;;;;;;x
d_maris_vetluga_adj_cuman;Tepe Çirmeslärian;Tepe Çirmeslär;Tepe Çirmeslär;;Tepe Çirmeslär;;;;;;;;;x
d_maris_vetluga_adj_khazar;Tuçi Sarmäslärian;Tuçi Sarmäslar;Tuçi Sarmäslar;;Tuçi Sarmäslar;;;;;;;;;x
d_maris_vetluga_adj_pecheneg;Tepe Çirmeslarian;Tepe Çirmeslar;Tepe Çirmeslar;;Tepe Çirmeslar;;;;;;;;;x
d_maris_vetluga_adj_karluk;Tepe Çirmeslärian;Tepe Çirmeslär;Tepe Çirmeslär;;Tepe Çirmeslär;;;;;;;;;x
d_maris_vetluga_adj_avar;Tuçi Sarmäslärian;Tuçi Sarmäslar;Tuçi Sarmäslar;;Tuçi Sarmäslar;;;;;;;;;x
d_maris_vetluga_adj_khitan;Tepe Çirmeslarian;Tepe Çirmeslär;Tepe Çirmeslär;;Tepe Çirmeslär;;;;;;;;;x
d_maris_vetluga_adj_polish;Gornyye Cheremisian;Gornyye Cheremis;Gornyye Cheremis;;Gornyye Cheremis;;;;;;;;;x
d_maris_vetluga_adj_pommeranian;Gornyye Cheremisian;Gornyye Cheremis;Gornyye Cheremis;;Gornyye Cheremis;;;;;;;;;x
d_maris_vetluga_adj_bohemian;Gornyye Cheremisian;Gornyye Cheremis;Gornyye Cheremis;;Gornyye Cheremis;;;;;;;;;x
d_maris_vetluga_adj_moravian;Gornyye Cheremisian;Gornyye Cheremis;Gornyye Cheremis;;Gornyye Cheremis;;;;;;;;;x
d_maris_vetluga_adj_russian;Gornyye Cheremisian;Gornyye Cheremis;Gornyye Cheremis;;Gornyye Cheremis;;;;;;;;;x
d_maris_vetluga_adj_serbian;Gornyye Cheremisian;Gornyye Cheremis;Gornyye Cheremis;;Gornyye Cheremis;;;;;;;;;x
d_maris_vetluga_adj_croatian;Gornyye Cheremisian;Gornyye Cheremis;Gornyye Cheremis;;Gornyye Cheremis;;;;;;;;;x
d_maris_vetluga_adj_bulgarian;Gornyye Cheremisian;Gornyye Cheremis;Gornyye Cheremis;;Gornyye Cheremis;;;;;;;;;x
d_maris_vetluga_adj_karantanci;Gornyye Cheremisian;Gornyye Cheremis;Gornyye Cheremis;;Gornyye Cheremis;;;;;;;;;x
d_maris_vetluga_adj_bosnian;Gornyye Cheremisian;Gornyye Cheremis;Gornyye Cheremis;;Gornyye Cheremis;;;;;;;;;x
#;;;;;;;;;;;;;;
d_maris;Vice Mari;Vice Mari;Vice Mari;;Vice Mari;;;;;;;;;x
d_maris_adj;Vice Marian;Vice Mari;Vice Mari;;Vice Mari;;;;;;;;;x
d_maris_adj_bashkir;Çirmeslarian;Çirmeslar;Çirmeslar;;Çirmeslar;;;;;;;;;x
d_maris_adj_bolghar;Sarmäslärian;Sarmäslär;Sarmäslär;;Sarmäslär;;;;;;;;;x
d_maris_adj_turkish;Çirmislarian;Çirmislar;Çirmislar;;Çirmislar;;;;;;;;;x
d_maris_adj_turkmen;Çirmislarian;Çirmislar;Çirmislar;;Çirmislar;;;;;;;;;x
d_maris_adj_oghuz;Çirmislarian;Çirmislar;Çirmislar;;Çirmislar;;;;;;;;;x
d_maris_adj_mongol;Çirmeslärian;Çirmeslär;Çirmeslär;;Çirmeslär;;;;;;;;;x
d_maris_adj_kirghiz;Çirmeslärian;Çirmeslar;Çirmeslar;;Çirmeslar;;;;;;;;;x
d_maris_adj_uyghur;Çirmeslärian;Çirmeslär;Çirmeslär;;Çirmeslär;;;;;;;;;x
d_maris_adj_cuman;Çirmeslärian;Çirmeslär;Çirmeslär;;Çirmeslär;;;;;;;;;x
d_maris_adj_khazar;Sarmäslärian;Sarmäslär;Sarmäslär;;Sarmäslär;;;;;;;;;x
d_maris_adj_pecheneg;Çirmislarian;Çirmislar;Çirmislar;;Çirmislar;;;;;;;;;x
d_maris_adj_karluk;Çirmeslärian;Çirmeslär;Çirmeslär;;Çirmeslär;;;;;;;;;x
d_maris_adj_avar;Sarmäslärian;Sarmäslär;Sarmäslär;;Sarmäslär;;;;;;;;;x
d_maris_adj_khitan;Çirmeslärian;Çirmeslär;Çirmeslär;;Çirmeslär;;;;;;;;;x
d_maris_adj_polish;Cheremis;Cheremis;Cheremis;;Cheremis;;;;;;;;;x
d_maris_adj_pommeranian;Cheremis;Cheremis;Cheremis;;Cheremis;;;;;;;;;x
d_maris_adj_bohemian;Cheremis;Cheremis;Cheremis;;Cheremis;;;;;;;;;x
d_maris_adj_moravian;Cheremis;Cheremis;Cheremis;;Cheremis;;;;;;;;;x
d_maris_adj_russian;Cheremis;Cheremis;Cheremis;;Cheremis;;;;;;;;;x
d_maris_adj_serbian;Cheremis;Cheremis;Cheremis;;Cheremis;;;;;;;;;x
d_maris_adj_croatian;Cheremis;Cheremis;Cheremis;;Cheremis;;;;;;;;;x
d_maris_adj_bulgarian;Cheremis;Cheremis;Cheremis;;Cheremis;;;;;;;;;x
d_maris_adj_karantanci;Cheremis;Cheremis;Cheremis;;Cheremis;;;;;;;;;x
d_maris_adj_bosnian;Cheremis;Cheremis;Cheremis;;Cheremis;;;;;;;;;x
#;;;;;;;;;;;;;;
d_samoyeds;Sikhirti;Sikhirti;Sikhirti;;Sikhirti;;;;;;;;;x
d_samoyeds_adj;Sikhirtian;Sikhirti;Sikhirti;;Sikhirti;;;;;;;;;x
#;;;;;;;;;;;;;;
d_lyydians;Lüüdiläižed;Lüüdiläižed;Lüüdiläižed;;Lüüdiläižed;;;;;;;;;x
d_lyydians_adj;Lüüdiläižed;Lüüdiläižed;Lüüdiläižed;;Lüüdilaižed;;;;;;;;;x
d_lyydians_adj_russian;Ljudinyan;Ljudiny;Ljudiny;;Ljudiny;;;;;;;;;x
d_lyydians_adj_pommeranian;Ljudinyan;Ljudiny;Ljudiny;;Ljudiny;;;;;;;;;x
d_lyydians_adj_bohemian;Ljudinyan;Ljudiny;Ljudiny;;Ljudiny;;;;;;;;;x
d_lyydians_adj_moravian;Ljudinyan;Ljudiny;Ljudiny;;Ljudiny;;;;;;;;;x
d_lyydians_adj_serbian;Ljudinyan;Ljudiny;Ljudiny;;Ljudiny;;;;;;;;;x
d_lyydians_adj_croatian;Ljudinyan;Ljudiny;Ljudiny;;Ljudiny;;;;;;;;;x
d_lyydians_adj_bulgarian;Ljudinyan;Ljudiny;Ljudiny;;Ljudiny;;;;;;;;;x
d_lyydians_adj_karantanci;Ljudinyan;Ljudiny;Ljudiny;;Ljudiny;;;;;;;;;x
d_lyydians_adj_bosnian;Ljudinyan;Ljudiny;Ljudiny;;Ljudiny;;;;;;;;;x
d_lyydians_adj_polish;Ljudinyan;Ljudiny;Ljudiny;;Ljudiny;;;;;;;;;x
#;;;;;;;;;;;;;;
d_livgians;Livgilaižed;Livgilaižed;Livgilaižed;;Livgilaižed;;;;;;;;;x
d_livgians_adj;Livgilaižedan;Livgilaižed;Livgilaižed;;Livgilaižed;;;;;;;;;x
#;;;;;;;;;;;;;;
d_chudes;Vepsläižed;Vepsläižed;Vepsläižed;;Vepsläižed;;;;;;;;;x
d_chudes_adj;Vepsläižedian;Vepsläižed;Vepsläižed;;Vepsläižed;;;;;;;;;x
d_chudes_adj_russian;Chud'ian;Chud';Chud';;Chud';;;;;;;;;x
d_chudes_adj_pommeranian;Chud'ian;Chud';Chud';;Chud';;;;;;;;;x
d_chudes_adj_bohemian;Chud'ian;Chud';Chud';;Chud';;;;;;;;;x
d_chudes_adj_moravian;Chud'ian;Chud';Chud';;Chud';;;;;;;;;x
d_chudes_adj_serbian;Chud'ian;Chud';Chud';;Chud';;;;;;;;;x
d_chudes_adj_croatian;Chud'ian;Chud';Chud';;Chud';;;;;;;;;x
d_chudes_adj_bulgarian;Chud'ian;Chud';Chud';;Chud';;;;;;;;;x
d_chudes_adj_karantanci;Chud'ian;Chud';Chud';;Chud';;;;;;;;;x
d_chudes_adj_bosnian;Chud'ian;Chud';Chud';;Chud';;;;;;;;;x
d_chudes_adj_polish;Chud'ian;Chud';Chud';;Chud';;;;;;;;;x
d_chudes_adj_lappish;Etelätšuudilaš;Etelätšuudilaš;Etelätšuudilaš;;Etelätšuudilaš;;;;;;;;;x
#;;;;;;;;;;;;;;
d_bjarmians;Bjarmiläižed;Bjarmiläižed;Bjarmiläižed;;Bjarmiläižed;;;;;;;;;x
d_bjarmians_adj;Bjarmiläižed;Bjarmiläižed;Bjarmiläižed;;Bjarmiläižed;;;;;;;;;x
d_bjarmians_adj_polish;Zavoloch'e Chud'ian;Zavoloch'e Chud';Zavoloch'e Chud';;Zavoloch'e Chud';;;;;;;;;x
d_bjarmians_adj_pommeranian;Zavoloch'e Chud'ian;Zavoloch'e Chud';Zavoloch'e Chud';;Zavoloch'e Chud';;;;;;;;;x
d_bjarmians_adj_bohemian;Zavoloch'e Chud'ian;Zavoloch'e Chud';Zavoloch'e Chud';;Zavoloch'e Chud';;;;;;;;;x
d_bjarmians_adj_moravian;Zavoloch'e Chud'ian;Zavoloch'e Chud';Zavoloch'e Chud';;Zavoloch'e Chud';;;;;;;;;x
d_bjarmians_adj_russian;Zavoloch'e Chud'ian;Zavoloch'e Chud';Zavoloch'e Chud';;Zavoloch'e Chud';;;;;;;;;x
d_bjarmians_adj_serbian;Zavoloch'e Chud'ian;Zavoloch'e Chud';Zavoloch'e Chud';;Zavoloch'e Chud';;;;;;;;;x
d_bjarmians_adj_croatian;Zavoloch'e Chud'ian;Zavoloch'e Chud';Zavoloch'e Chud';;Zavoloch'e Chud';;;;;;;;;x
d_bjarmians_adj_bulgarian;Zavoloch'e Chud'ian;Zavoloch'e Chud';Zavoloch'e Chud';;Zavoloch'e Chud';;;;;;;;;x
d_bjarmians_adj_karantanci;Zavoloch'e Chud'ian;Zavoloch'e Chud';Zavoloch'e Chud';;Zavoloch'e Chud';;;;;;;;;x
d_bjarmians_adj_bosnian;Zavoloch'e Chud'ian;Zavoloch'e Chud';Zavoloch'e Chud';;Zavoloch'e Chud';;;;;;;;;x
d_bjarmians_adj_saxon;Beorm;Beorm;Beorm;;Beorm;;;;;;;;;x
d_bjarmians_adj_norse;Bjarmir;Bjarmir;Bjarmir;;Bjarmir;;;;;;;;;x
d_bjarmians_adj_danish;Bjarmir;Bjarmir;Bjarmir;;Bjarmir;;;;;;;;;x
d_bjarmians_adj_icelandic;Bjarmir;Bjarmir;Bjarmir;;Bjarmir;;;;;;;;;x
d_bjarmians_adj_gothic;Bjarmir;Bjarmir;Bjarmir;;Bjarmir;;;;;;;;;x
d_bjarmians_adj_swedish;Bjarmir;Bjarmir;Bjarmir;;Bjarmir;;;;;;;;;x
d_bjarmians_adj_norwegian;Bjarmir;Bjarmir;Bjarmir;;Bjarmir;;;;;;;;;x
d_bjarmians_adj_norsegaelic;Bjarmir;Bjarmir;Bjarmir;;Bjarmir;;;;;;;;;x
d_bjarmians_adj_anglonorse;Bjarmir;Bjarmir;Bjarmir;;Bjarmir;;;;;;;;;x
d_bjarmians_adj_roman;Biarmones;Biarmones;Biarmones;;Biarmones;;;;;;;;;x
d_bjarmians_adj_lappish;Norjantšuudilaš;Norjantšuudilaš;Norjantšuudilaš;;Norjantšuudilaš;;;;;;;;;x
#;;;;;;;;;;;;;;
d_toimians;Toimiläižed;Toimiläižed;Toimiläižed;;Toimiläižed;;;;;;;;;x
d_toimians_adj;Toimiläižed;Toimiläižed;Toimiläižed;;Toimiläižed;;;;;;;;;x
d_toimians_adj_polish;Toimitsian;Toimitsi;Toimitsi;;Toimitsi;;;;;;;;;x
d_toimians_adj_pommeranian;Toimitsian;Toimitsi;Toimitsi;;Toimitsi;;;;;;;;;x
d_toimians_adj_bohemian;Toimitsian;Toimitsi;Toimitsi;;Toimitsi;;;;;;;;;x
d_toimians_adj_moravian;Toimitsian;Toimitsi;Toimitsi;;Toimitsi;;;;;;;;;x
d_toimians_adj_russian;Toimitsian;Toimitsi;Toimitsi;;Toimitsi;;;;;;;;;x
d_toimians_adj_serbian;Toimitsian;Toimitsi;Toimitsi;;Toimitsi;;;;;;;;;x
d_toimians_adj_croatian;Toimitsian;Toimitsi;Toimitsi;;Toimitsi;;;;;;;;;x
d_toimians_adj_bulgarian;Toimitsian;Toimitsi;Toimitsi;;Toimitsi;;;;;;;;;x
d_toimians_adj_karantanci;Toimitsian;Toimitsi;Toimitsi;;Toimitsi;;;;;;;;;x
d_toimians_adj_bosnian;Toimitsian;Toimitsi;Toimitsi;;Toimitsi;;;;;;;;;x
#;;;;;;;;;;;;;;
d_sami_adj_polish;Lop'ian;Lop';Lop';;Lop';;;;;;;;;x
d_sami_adj_pommeranian;Lop'ian;Lop';Lop';;Lop';;;;;;;;;x
d_sami_adj_bohemian;Lop'ian;Lop';Lop';;Lop';;;;;;;;;x
d_sami_adj_moravian;Lop'ian;Lop';Lop';;Lop';;;;;;;;;x
d_sami_adj_russian;Lop'ian;Lop';Lop';;Lop';;;;;;;;;x
d_sami_adj_serbian;Lop'ian;Lop';Lop';;Lop';;;;;;;;;x
d_sami_adj_croatian;Lop'ian;Lop';Lop';;Lop';;;;;;;;;x
d_sami_adj_bulgarian;Lop'ian;Lop';Lop';;Lop';;;;;;;;;x
d_sami_adj_karantanci;Lop'ian;Lop';Lop';;Lop';;;;;;;;;x
d_sami_adj_bosnian;Lop'ian;Lop';Lop';;Lop';;;;;;;;;x
#;;;;;;;;;;;;;;
d_karelians;Karjalaižed;Karjalaižed;Karjalaižed;;Karjalaižed;;;;;;;;;x
d_karelians_adj;Karjalaižed;Karjalaižed;Karjalaižed;;Karjalaižed;;;;;;;;;x
d_karelians_adj_pommeranian;Karely;Karely;Karely;;Karely;;;;;;;;;x
d_karelians_adj_bohemian;Karely;Karely;Karely;;Karely;;;;;;;;;x
d_karelians_adj_moravian;Karely;Karely;Karely;;Karely;;;;;;;;;x
d_karelians_adj_russian;Karely;Karely;Karely;;Karely;;;;;;;;;x
d_karelians_adj_serbian;Karely;Karely;Karely;;Karely;;;;;;;;;x
d_karelians_adj_croatian;Karely;Karely;Karely;;Karely;;;;;;;;;x
d_karelians_adj_bulgarian;Karely;Karely;Karely;;Karely;;;;;;;;;x
d_karelians_adj_karantanci;Karely;Karely;Karely;;Karely;;;;;;;;;x
d_karelians_adj_bosnian;Karely;Karely;Karely;;Karely;;;;;;;;;x
#;;;;;;;;;;;;;;
d_horse_karelians;Tamma-Karjalaižed;Tamma-Karjalaižed;Tamma-Karjalaižed;;Tamma-Karjalaižed;;;;;;;;;x
d_horse_karelians_adj;Tamma-Karjalaižed;Tamma-Karjalaižed;Tamma-Karjalaižed;;Tamma-Karjalaižed;;;;;;;;;x
d_horse_karelians_adj_pommeranian;Kobylitskie Karely;Kobylitskie Karely;Kobylitskie Karely;;Kobylitskie Karely;;;;;;;;;x
d_horse_karelians_adj_bohemian;Kobylitskie Karely;Kobylitskie Karely;Kobylitskie Karely;;Kobylitskie Karely;;;;;;;;;x
d_horse_karelians_adj_moravian;Kobylitskie Karely;Kobylitskie Karely;Kobylitskie Karely;;Kobylitskie Karely;;;;;;;;;x
d_horse_karelians_adj_russian;Kobylitskie Karely;Kobylitskie Karely;Kobylitskie Karely;;Kobylitskie Karely;;;;;;;;;x
d_horse_karelians_adj_serbian;Kobylitskie Karely;Kobylitskie Karely;Kobylitskie Karely;;Kobylitskie Karely;;;;;;;;;x
d_horse_karelians_adj_croatian;Kobylitskie Karely;Kobylitskie Karely;Kobylitskie Karely;;Kobylitskie Karely;;;;;;;;;x
d_horse_karelians_adj_bulgarian;Kobylitskie Karely;Kobylitskie Karely;Kobylitskie Karely;;Kobylitskie Karely;;;;;;;;;x
d_horse_karelians_adj_karantanci;Kobylitskie Karely;Kobylitskie Karely;Kobylitskie Karely;;Kobylitskie Karely;;;;;;;;;x
d_horse_karelians_adj_bosnian;Kobylitskie Karely;Kobylitskie Karely;Kobylitskie Karely;;Kobylitskie Karely;;;;;;;;;x
#;;;;;;;;;;;;;;
d_savonians;Savolaiset;Savolaiset;Savolaiset;;Savolaiset;;;;;;;;;x
d_savonians_adj;Savolaiset;Savolaiset;Savolaiset;;Savolaiset;;;;;;;;;x
d_savonians_adj_pommeranian;Savakian;Savaki;Savaki;;Savaki;;;;;;;;;x
d_savonians_adj_bohemian;Savakian;Savaki;Savaki;;Savaki;;;;;;;;;x
d_savonians_adj_moravian;Savakian;Savaki;Savaki;;Savaki;;;;;;;;;x
d_savonians_adj_russian;Savakian;Savaki;Savaki;;Savaki;;;;;;;;;x
d_savonians_adj_serbian;Savakian;Savaki;Savaki;;Savaki;;;;;;;;;x
d_savonians_adj_croatian;Savakian;Savaki;Savaki;;Savaki;;;;;;;;;x
d_savonians_adj_bulgarian;Savakian;Savaki;Savaki;;Savaki;;;;;;;;;x
d_savonians_adj_karantanci;Savakian;Savaki;Savaki;;Savaki;;;;;;;;;x
d_savonians_adj_bosnian;Savakian;Savaki;Savaki;;Savaki;;;;;;;;;x
#;;;;;;;;;;;;;;
d_votes;Vadjalased;Vadjalased;Vadjalased;;Vadjalased;;;;;;;;;x
d_votes_adj;Vadjalasedan;Vadjalased;Vadjalased;;Vadjalased;;;;;;;;;x
d_votes_adj_pommeranian;Vod'ian;Vod';Vod';;Vod';;;;;;;;;x
d_votes_adj_bohemian;Vod'ian;Vod';Vod';;Vod';;;;;;;;;x
d_votes_adj_moravian;Vod'ian;Vod';Vod';;Vod';;;;;;;;;x
d_votes_adj_russian;Vod'ian;Vod';Vod';;Vod';;;;;;;;;x
d_votes_adj_serbian;Vod'ian;Vod';Vod';;Vod';;;;;;;;;x
d_votes_adj_croatian;Vod'ian;Vod';Vod';;Vod';;;;;;;;;x
d_votes_adj_bulgarian;Vod'ian;Vod';Vod';;Vod';;;;;;;;;x
d_votes_adj_karantanci;Vod'ian;Vod';Vod';;Vod';;;;;;;;;x
d_votes_adj_bosnian;Vod'ian;Vod';Vod';;Vod';;;;;;;;;x
d_votes_adj_thuringian;Wotian;Woten;Woten;;Woten;;;;;;;;;x
d_votes_adj_swabian;Wotian;Woten;Woten;;Woten;;;;;;;;;x
d_votes_adj_bavarian;Wotian;Woten;Woten;;Woten;;;;;;;;;x
d_votes_adj_low_saxon;Wotian;Woten;Woten;;Woten;;;;;;;;;x
d_votes_adj_franconian;Wotian;Woten;Woten;;Woten;;;;;;;;;x
d_votes_adj_low_german;Wotian;Woten;Woten;;Woten;;;;;;;;;x
d_votes_adj_low_frankish;Wotian;Woten;Woten;;Woten;;;;;;;;;x
d_votes_adj_dutch;Wotian;Woten;Woten;;Woten;;;;;;;;;x
d_votes_adj_german;Wotian;Woten;Woten;;Woten;;;;;;;;;x
#;;;;;;;;;;;;;;
d_ingrians;Inkerilaižed;Inkerilaižed;Inkerilaižed;;Inkerilaižed;;;;;;;;;x
d_ingrians_adj;Inkerilaižed;Inkerilaižed;Inkerilaižed;;Inkerilaižed;;;;;;;;;x
d_ingrians_adj_pommeranian;Ižoryian;Ižory;Ižory;;Ižory;;;;;;;;;x
d_ingrians_adj_bohemian;Ižoryian;Ižory;Ižory;;Ižory;;;;;;;;;x
d_ingrians_adj_moravian;Ižoryian;Ižory;Ižory;;Ižory;;;;;;;;;x
d_ingrians_adj_russian;Ižoryian;Ižory;Ižory;;Ižory;;;;;;;;;x
d_ingrians_adj_serbian;Ižoryian;Ižory;Ižory;;Ižory;;;;;;;;;x
d_ingrians_adj_croatian;Ižoryian;Ižory;Ižory;;Ižory;;;;;;;;;x
d_ingrians_adj_bulgarian;Ižoryian;Ižory;Ižory;;Ižory;;;;;;;;;x
d_ingrians_adj_karantanci;Ižoryian;Ižory;Ižory;;Ižory;;;;;;;;;x
d_ingrians_adj_bosnian;Ižoryian;Ižory;Ižory;;Ižory;;;;;;;;;x
#;;;;;;;;;;;;;;
d_kylfings;Kylfingilaš;Kylfingilaš;Kylfingilaš;;Kylfingilaš;;;;;;;;;x
d_kylfings_adj;Kylfingilaš;Kylfingilaš;Kylfingilaš;;Kylfingilaš;;;;;;;;;x
d_kylfings_adj_pommeranian;Kolbiagian;Kolbiagi;Kolbiagi;;Kolbiagi;;;;;;;;;x
d_kylfings_adj_bohemian;Kolbiagian;Kolbiagi;Kolbiagi;;Kolbiagi;;;;;;;;;x
d_kylfings_adj_moravian;Kolbiagian;Kolbiagi;Kolbiagi;;Kolbiagi;;;;;;;;;x
d_kylfings_adj_russian;Kolbiagian;Kolbiagi;Kolbiagi;;Kolbiagi;;;;;;;;;x
d_kylfings_adj_serbian;Kolbiagian;Kolbiagi;Kolbiagi;;Kolbiagi;;;;;;;;;x
d_kylfings_adj_croatian;Kolbiagian;Kolbiagi;Kolbiagi;;Kolbiagi;;;;;;;;;x
d_kylfings_adj_bulgarian;Kolbiagian;Kolbiagi;Kolbiagi;;Kolbiagi;;;;;;;;;x
d_kylfings_adj_karantanci;Kolbiagian;Kolbiagi;Kolbiagi;;Kolbiagi;;;;;;;;;x
d_kylfings_adj_bosnian;Kolbiagian;Kolbiagi;Kolbiagi;;Kolbiagi;;;;;;;;;x
d_kylfings_adj_norse;Kylfingarian;Kylfingar;Kylfingar;;Kylfingar;;;;;;;;;x
d_kylfings_adj_danish;Kylfingarian;Kylfingar;Kylfingar;;Kylfingar;;;;;;;;;x
d_kylfings_adj_icelandic;Kylfingarian;Kylfingar;Kylfingar;;Kylfingar;;;;;;;;;x
d_kylfings_adj_gothic;Kylfingarian;Kylfingar;Kylfingar;;Kylfingar;;;;;;;;;x
d_kylfings_adj_swedish;Kylfingarian;Kylfingar;Kylfingar;;Kylfingar;;;;;;;;;x
d_kylfings_adj_norwegian;Kylfingarian;Kylfingar;Kylfingar;;Kylfingar;;;;;;;;;x
d_kylfings_adj_norsegaelic;Kylfingarian;Kylfingar;Kylfingar;;Kylfingar;;;;;;;;;x
d_kylfings_adj_anglonorse;Kylfingarian;Kylfingar;Kylfingar;;Kylfingar;;;;;;;;;x
d_kylfings_adj_sicilian_greek;Koulpingoian;Koulpingoi;Koulpingoi;;Koulpingoi;;;;;;;;;x
d_kylfings_adj_arberian;Koulpingoian;Koulpingoi;Koulpingoi;;Koulpingoi;;;;;;;;;x
d_kylfings_adj_armenian;Koulpingoian;Koulpingoi;Koulpingoi;;Koulpingoi;;;;;;;;;x
d_kylfings_adj_georgian;Koulpingoian;Koulpingoi;Koulpingoi;;Koulpingoi;;;;;;;;;x
d_kylfings_adj_greek;Koulpingoian;Koulpingoi;Koulpingoi;;Koulpingoi;;;;;;;;;x
d_kylfings_adj_east_gothic;Koulpingoian;Koulpingoi;Koulpingoi;;Koulpingoi;;;;;;;;;x
#;;;;;;;;;;;;;;
d_tavasts;Hämäläiset;Hämäläiset;Hämäläiset;;Hämäläiset;;;;;;;;;x
d_tavasts_adj;Hämäläiset;Hämäläiset;Hämäläiset;;Hämäläiset;;;;;;;;;x
d_tavasts_adj_pommeranian;Jemian;Jem;Jem;;Jem;;;;;;;;;x
d_tavasts_adj_bohemian;Jemian;Jem;Jem;;Jem;;;;;;;;;x
d_tavasts_adj_moravian;Jemian;Jem;Jem;;Jem;;;;;;;;;x
d_tavasts_adj_russian;Jemian;Jem;Jem;;Jem;;;;;;;;;x
d_tavasts_adj_serbian;Jemian;Jem;Jem;;Jem;;;;;;;;;x
d_tavasts_adj_croatian;Jemian;Jem;Jem;;Jem;;;;;;;;;x
d_tavasts_adj_bulgarian;Jemian;Jem;Jem;;Jem;;;;;;;;;x
d_tavasts_adj_karantanci;Jemian;Jem;Jem;;Jem;;;;;;;;;x
d_tavasts_adj_bosnian;Jemian;Jem;Jem;;Jem;;;;;;;;;x
#;;;;;;;;;;;;;;
d_suomi_finns;Suomalaiset;Suomalaiset;Suomalaiset;;Suomalaiset;;;;;;;;;x
d_suomi_finns_adj;Suomalaiset;Suomalaiset;Suomalaiset;;Suomalaiset;;;;;;;;;x
d_suomi_finns_adj_pommeranian;Sumian;Sum;Sum;;Sum;;;;;;;;;x
d_suomi_finns_adj_bohemian;Sumian;Sum;Sum;;Sum;;;;;;;;;x
d_suomi_finns_adj_moravian;Sumian;Sum;Sum;;Sum;;;;;;;;;x
d_suomi_finns_adj_russian;Sumian;Sum;Sum;;Sum;;;;;;;;;x
d_suomi_finns_adj_serbian;Sumian;Sum;Sum;;Sum;;;;;;;;;x
d_suomi_finns_adj_croatian;Sumian;Sum;Sum;;Sum;;;;;;;;;x
d_suomi_finns_adj_bulgarian;Sumian;Sum;Sum;;Sum;;;;;;;;;x
d_suomi_finns_adj_karantanci;Sumian;Sum;Sum;;Sum;;;;;;;;;x
d_suomi_finns_adj_bosnian;Sumian;Sum;Sum;;Sum;;;;;;;;;x
#;;;;;;;;;;;;;;
d_kvens;Kveanatlaš;Kveanatlaš;Kveanatlaš;;Kveanatlaš;;;;;;;;;x
d_kvens_adj;Kveanatlaš;Kveanatlaš;Kveanatlaš;;Kveanatlaš;;;;;;;;;x
d_kvens_adj_saxon;Cwenas;Cwenas;Cwenas;;Cwenas;;;;;;;;;x
d_kvens_adj_norse;Kvænir;Kvænir;Kvænir;;Kvænir;;;;;;;;;x
d_kvens_adj_danish;Kvænir;Kvænir;Kvænir;;Kvænir;;;;;;;;;x
d_kvens_adj_icelandic;Kvænir;Kvænir;Kvænir;;Kvænir;;;;;;;;;x
d_kvens_adj_gothic;Kvænir;Kvænir;Kvænir;;Kvænir;;;;;;;;;x
d_kvens_adj_swedish;Kvænir;Kvænir;Kvænir;;Kvænir;;;;;;;;;x
d_kvens_adj_norwegian;Kvænir;Kvænir;Kvænir;;Kvænir;;;;;;;;;x
d_kvens_adj_norsegaelic;Kvænir;Kvænir;Kvænir;;Kvænir;;;;;;;;;x
d_kvens_adj_anglonorse;Kvænir;Kvænir;Kvænir;;Kvænir;;;;;;;;;x
#;;;;;;;;;;;;;;
d_kvens_birkarls;Bircharlaboa;Bircharlaboa;Bircharlaboa;;Bircharlaboa;;;;;;;;;x
d_kvens_birkarls_adj;Bircharlaboa;Bircharlaboa;Bircharlaboa;;Bircharlaboa;;;;;;;;;x
##########;;;;;;;;;;;;;;
#Vlachs;;;;;;;;;;;;;;
##########;;;;;;;;;;;;;;
d_brodniks;Brodnici;Brodnici;Brodnici;;Brodnici;;;;;;;;;x
d_brodniks_adj;Brodnician;Brodnici;Brodnici;;Brodnici;;;;;;;;;x
d_bolohoveni;Bolohoveni;Bolohoveni;Bolohoveni;;Bolohoveni;;;;;;;;;x
d_bolohoveni_adj;Bolohovenian;Bolohoveni;Bolohoveni;;Bolohoveni;;;;;;;;;x
##########;;;;;;;;;;;;;;
#Khasars;;;;;;;;;;;;;;
##########;;;;;;;;;;;;;;
d_kabars;Qabarlar;Qabarlar;Qabarlar;;Qabarlar;;;;;;;;;x
d_kabars_adj;Qabarish;Qabarlar;Qabarlar;;Qabarlar;;;;;;;;;x
##########;;;;;;;;;;;;;;
#Qipchaqs;;;;;;;;;;;;;;
##########;;;;;;;;;;;;;;
d_urusoba;Urus-oba;Urus-oba;Urus-oba;;Urus-oba;;;;;;;;;x
d_urusoba_adj;Urus-oban;Urus-oba;Urus-oba;;Urus-oba;;;;;;;;;x
d_ulasgoli;Ulashogli;Ulashogli;Ulashogli;;Ulashogli;;;;;;;;;x
d_ulasgoli_adj;Ulashoglish;Ulashogli;Ulashogli;;Ulashogli;;;;;;;;;x
d_chortan;Çortan;Çortan;Çortan;;Çortan;;;;;;;;;x
d_chortan_adj;Çortanish;Çortan;Çortan;;Çortan;;;;;;;;;x
d_burchali;Burçali;Burçali;Burçali;;Burçali;;;;;;;;;x
d_burchali_adj;Burçalian;Burçali;Burçali;;Burçali;;;;;;;;;x
d_qor;Qor;Qor;Qor;;Qor;;;;;;;;;x
d_qor_adj;Qorish;Qor;Qor;;Qor;;;;;;;;;x
d_oren;Ören;Ören;Ören;;Ören;;;;;;;;;x
d_oren_adj;Örenian;Ören;Ören;;Ören;;;;;;;;;x
d_qongurogli;Qongorogli;Qongorogli;Qongorogli;;Qongorogli;;;;;;;;;x
d_qongurogli_adj;Qongoroglish;Qongorogli;Qongorogli;;Qongorogli;;;;;;;;;x
d_targil;Targil;Targil;Targil;;Targil;;;;;;;;;x
d_targil_adj;Targilan;Targil;Targil;;Targil;;;;;;;;;x
d_olberlig;Ölberli;Ölberli;Ölberli;;Ölberli;;;;;;;;;x
d_olberlig_adj;Ölberlish;Ölberli;Ölberli;;Ölberli;;;;;;;;;x
d_enchogli;Ençogli;Ençogli;Ençogli;;Ençogli;;;;;;;;;x
d_enchogli_adj;Ençoglian;Ençogli;Ençogli;;Ençogli;;;;;;;;;x
d_yimek;Yimek;Yimek;Yimek;;Yimek;;;;;;;;;x
d_yimek_adj;Yimekish;Yimek;Yimek;;Yimek;;;;;;;;;x
d_toqsoba;Toqsoba;Toqsoba;Toqsoba;;Toqsoba;;;;;;;;;x
d_toqsoba_adj;Toqsoban;Toqsoba;Toqsoba;;Toqsoba;;;;;;;;;x
d_terteroba;Terteroba;Terteroba;Terteroba;;Terteroba;;;;;;;;;x
d_terteroba_adj;Terteroban;Terteroba;Terteroba;;Terteroba;;;;;;;;;x
d_dorut;Dörüt;Dörüt;Dörüt;;Dörüt;;;;;;;;;x
d_dorut_adj;Dörütish;Dörüt;Dörüt;;Dörüt;;;;;;;;;x
d_ay_opa;Ay-opa;Ay-opa;Ay-opa;;Ay-opa;;;;;;;;;x
d_ay_opa_adj;Ay-opan;Ay-opa;Ay-opa;;Ay-opa;;;;;;;;;x
##########;;;;;;;;;;;;;;
#Uzes;;;;;;;;;;;;;;
##########;;;;;;;;;;;;;;
d_tekule;Teküle;Teküle;Teküle;;Teküle;;;;;;;;;x
d_tekule_adj;Tekülish;Teküle;Teküle;;Teküle;;;;;;;;;x
d_salgur;Salgur;Salgur;Salgur;;Salgur;;;;;;;;;x
d_salgur_adj;Salgurish;Salgur;Salgur;;Salgur;;;;;;;;;x
#################;;;;;;;;;;;;;;
k_old_north;Hen Ogledd;Hen Ogledd;Hen Ogledd;;Hen Ogledd;;;;;;;;;x
k_old_north_adj;Hen Ogleddian;Hen Ogledd;Hen Ogleddisch;;Hen Ogledd;;;;;;;;;x
##########;;;;;;;;;;;;;;
d_baloch;Baloch;Baloch;Baloch;;Baloch;;;;;;;;;x
d_baloch_adj;Balochian;Baloch;Balochisch;;Baloch;;;;;;;;;x
#################;;;;;;;;;;;;;;
k_hilal;Hilal;Hilal;Hilal;;Hilal;;;;;;;;;x
k_hilal_adj;Hilalian;Hilal;Hilalische;;Hilal;;;;;;;;;x
###########;;;;;;;;;;;;;;
d_chester;Chester;Chester;Chester;;Chester;;;;;;;;;x
d_chester_adj;Chester;Chester;Chester;;Chester;;;;;;;;;x
#################;;;;;;;;;;;;;;
k_ireland_titular;Tara;Tara;Tara;;Tara;;;;;;;;;x
k_ireland_titular_adj;Tara;Tara;Tara;;Tara;;;;;;;;;x
